PlanetNaturalId,PlanetName
AJ-120a,AJ-120a
AJ-120b,AJ-120b
AJ-120c,AJ-120c
AJ-120d,AJ-120d
AJ-120e,AJ-120e
AJ-120f,AJ-120f
AJ-120g,AJ-120g
AJ-120h,AJ-120h
AJ-120i,AJ-120i
AJ-135a,AJ-135a
AJ-135b,AJ-135b
AJ-135c,AJ-135c
AJ-135d,AJ-135d
AJ-135e,AJ-135e
AJ-135f,AJ-135f
AJ-135g,AJ-135g
AJ-293a,AJ-293a
AJ-293b,AJ-293b
AJ-293c,AJ-293c
AJ-293d,AJ-293d
AJ-293e,AJ-293e
AJ-293f,AJ-293f
AJ-293g,AJ-293g
AJ-300a,AJ-300a
AJ-300b,AJ-300b
AJ-300c,AJ-300c
AJ-300d,AJ-300d
AJ-300e,AJ-300e
AJ-300f,AJ-300f
AJ-505a,AJ-505a
AJ-505b,AJ-505b
AJ-505c,AJ-505c
AJ-505d,AJ-505d
AJ-575a,AJ-575a
AJ-575b,AJ-575b
AJ-575c,AJ-575c
AJ-575d,AJ-575d
AJ-575e,AJ-575e
AJ-575f,AJ-575f
AJ-768a,Lemuria
AJ-768b,AJ-768b
AJ-768c,AJ-768c
AJ-768d,AJ-768d
AJ-768e,AJ-768e
AJ-768f,AJ-768f
AJ-768g,AJ-768g
AJ-946a,AJ-946a
AJ-946b,AJ-946b
AJ-946c,AJ-946c
AJ-946d,AJ-946d
AJ-946e,AJ-946e
AJ-946f,AJ-946f
AJ-946g,AJ-946g
AJ-946h,AJ-946h
AJ-946i,AJ-946i
AJ-946j,AJ-946j
AM-001a,AM-001a
AM-001b,AM-001b
AM-001c,AM-001c
AM-001d,AM-001d
AM-001e,AM-001e
AM-001f,AM-001f
AM-001g,AM-001g
AM-001h,AM-001h
AM-001i,AM-001i
AM-371a,AM-371a
AM-371b,AM-371b
AM-371c,AM-371c
AM-371d,AM-371d
AM-371e,AM-371e
AM-371f,AM-371f
AM-429a,AM-429a
AM-429b,AM-429b
AM-429c,AM-429c
AM-429d,AM-429d
AM-429e,AM-429e
AM-429f,AM-429f
AM-429g,AM-429g
AM-429h,AM-429h
AM-429i,AM-429i
AM-462a,AM-462a
AM-462b,AM-462b
AM-462c,AM-462c
AM-462d,AM-462d
AM-462e,AM-462e
AM-462f,AM-462f
AM-528a,AM-528a
AM-528b,AM-528b
AM-528c,AM-528c
AM-528d,AM-528d
AM-528e,AM-528e
AM-528f,AM-528f
AM-528g,AM-528g
AM-528h,AM-528h
AM-628a,AM-628a
AM-628b,AM-628b
AM-628c,AM-628c
AM-628d,AM-628d
AM-628e,AM-628e
AM-628f,AM-628f
AM-628g,AM-628g
AM-628h,AM-628h
AM-628i,AM-628i
AM-644a,AM-644a
AM-644b,AM-644b
AM-644c,AM-644c
AM-644d,AM-644d
AM-644e,AM-644e
AM-644f,AM-644f
AM-695a,AM-695a
AM-695b,AM-695b
AM-695c,AM-695c
AM-695d,AM-695d
AM-695e,AM-695e
AM-695f,AM-695f
AM-695g,AM-695g
AM-695h,AM-695h
AM-783a,AM-783a
AM-783b,Gallus
AM-783c,Ementior
AM-783d,AM-783d
AM-783e,AM-783e
AM-783f,AM-783f
AM-783g,AM-783g
AM-884a,AM-884a
AM-884b,AM-884b
AM-884c,AM-884c
AM-884d,AM-884d
AM-978a,AM-978a
AM-978b,AM-978b
AM-978c,AM-978c
AM-978d,AM-978d
AM-978e,AM-978e
AM-978f,AM-978f
AN-240a,AN-240a
AN-240b,AN-240b
AN-240c,AN-240c
AN-240d,AN-240d
AN-240e,AN-240e
AN-240f,AN-240f
AN-240g,AN-240g
AN-240h,AN-240h
AS-479a,AS-479a
AS-479b,AS-479b
AS-479c,AS-479c
AS-479d,AS-479d
AS-479e,AS-479e
AS-479f,AS-479f
AS-479g,AS-479g
AU-130a,AU-130a
AU-130b,AU-130b
AU-130c,AU-130c
AU-130d,AU-130d
AU-290a,AU-290a
AU-290b,AU-290b
AU-290c,AU-290c
AU-290d,AU-290d
AU-322a,AU-322a
AU-322b,AU-322b
AU-322c,AU-322c
AU-322d,AU-322d
AU-322e,AU-322e
AU-522a,AU-522a
AU-522b,Typhon
AU-605a,AU-605a
AU-605b,AU-605b
AU-605c,AU-605c
AU-605d,AU-605d
AU-605e,AU-605e
AU-605f,AU-605f
AU-605g,AU-605g
AU-605h,AU-605h
AU-686a,AU-686a
AU-686b,AU-686b
AU-686c,AU-686c
AU-709a,AU-709a
AU-709b,AU-709b
AU-709c,AU-709c
AU-709d,AU-709d
AU-709e,AU-709e
AU-876a,AU-876a
AU-876b,AU-876b
AU-876c,AU-876c
AW-006a,AW-006a
AW-006b,AW-006b
AW-006c,AW-006c
AW-006d,AW-006d
AW-006e,AW-006e
AW-066a,AW-066a
AW-066b,AW-066b
AW-066c,AW-066c
AW-066d,AW-066d
AW-066e,AW-066e
AW-284a,AW-284a
AW-284b,AW-284b
AW-284c,AW-284c
AW-284d,AW-284d
AW-284e,AW-284e
AW-284f,AW-284f
AW-284g,AW-284g
AW-726a,AW-726a
AW-726b,AW-726b
AW-726c,AW-726c
AW-726d,AW-726d
AW-726e,AW-726e
AW-844a,AW-844a
AW-844b,AW-844b
AW-844c,AW-844c
AW-844d,AW-844d
AW-844e,AW-844e
AW-844f,AW-844f
AW-844g,AW-844g
AW-844h,AW-844h
AW-844i,AW-844i
AX-013a,AX-013a
AX-013b,AX-013b
AX-013c,AX-013c
AX-013d,AX-013d
AX-013e,AX-013e
AX-128a,AX-128a
AX-128b,AX-128b
AX-128c,AX-128c
AX-128d,AX-128d
AX-128e,AX-128e
AX-128f,AX-128f
AX-128g,AX-128g
AX-215a,AX-215a
AX-215b,AX-215b
AX-215c,AX-215c
AX-215d,AX-215d
AX-215e,AX-215e
AX-215f,AX-215f
AX-215g,AX-215g
AX-215h,AX-215h
AX-215i,AX-215i
AX-215j,AX-215j
AX-383a,AX-383a
AX-383b,AX-383b
AX-383c,AX-383c
AX-383d,AX-383d
AX-383e,AX-383e
AX-383f,AX-383f
AX-383g,AX-383g
AX-558a,AX-558a
AX-558b,AX-558b
AX-558c,AX-558c
AX-558d,AX-558d
AX-558e,AX-558e
AX-558f,AX-558f
AX-558g,AX-558g
AX-872a,AX-872a
AX-872b,AX-872b
AX-872c,AX-872c
AX-872d,AX-872d
AX-872e,AX-872e
AX-872f,AX-872f
AX-872g,AX-872g
AX-872h,AX-872h
AX-872i,AX-872i
AX-908a,AX-908a
AX-908b,AX-908b
AX-908c,AX-908c
AX-908d,AX-908d
BI-373a,BI-373a
BI-373b,BI-373b
BI-373c,BI-373c
BI-373d,BI-373d
BI-417a,BI-417a
BI-417b,BI-417b
BI-417c,BI-417c
BI-417d,BI-417d
BI-417e,BI-417e
BI-417f,BI-417f
BI-500a,BI-500a
BI-500b,BI-500b
BI-500c,BI-500c
BI-500d,BI-500d
BI-500e,BI-500e
BI-500f,BI-500f
BI-805a,BI-805a
BI-805b,BI-805b
BI-805c,BI-805c
BI-805d,BI-805d
BS-257a,BS-257a
BS-257b,BS-257b
BS-257c,BS-257c
BS-257d,BS-257d
BS-257e,BS-257e
BS-257f,BS-257f
BS-290a,BS-290a
BS-290b,BS-290b
BS-290c,BS-290c
BS-290d,BS-290d
BS-290e,BS-290e
BS-290f,BS-290f
BS-290g,BS-290g
BS-409a,BS-409a
BS-409b,BS-409b
BS-409c,BS-409c
BS-409d,BS-409d
BS-409e,BS-409e
BS-409f,BS-409f
BS-531a,BS-531a
BS-531b,BS-531b
BS-658a,BS-658a
BS-658b,BS-658b
BS-658c,BS-658c
BS-658d,BS-658d
BS-658e,BS-658e
BS-658f,BS-658f
BS-658g,BS-658g
BS-658h,BS-658h
BS-658i,BS-658i
BS-658j,BS-658j
BS-788a,BS-788a
BS-788b,BS-788b
BS-788c,Nova Honshu
BS-788d,BS-788d
BS-788e,BS-788e
BS-788f,BS-788f
BS-788g,BS-788g
BS-865a,BS-865a
BS-865b,BS-865b
BS-865c,BS-865c
BS-865d,BS-865d
BS-865e,BS-865e
BS-865f,BS-865f
BS-865g,BS-865g
BS-987a,BS-987a
BS-987b,BS-987b
BS-987c,BS-987c
BS-987d,BS-987d
BS-987e,BS-987e
BS-987f,BS-987f
CB-045a,CB-045a
CB-045b,CB-045b
CB-045c,CB-045c
CB-045d,CB-045d
CB-045e,CB-045e
CB-045f,CB-045f
CB-045g,CB-045g
CB-045h,CB-045h
CB-276a,CB-276a
CB-276b,CB-276b
CB-276c,CB-276c
CB-282a,CB-282a
CB-282b,CB-282b
CB-282c,CB-282c
CB-282d,CB-282d
CB-282e,CB-282e
CB-282f,CB-282f
CB-528a,CB-528a
CB-528b,CB-528b
CB-528c,CB-528c
CB-528d,CB-528d
CB-528e,CB-528e
CB-528f,CB-528f
CC-541a,CC-541a
CC-541b,CC-541b
CC-541c,CC-541c
CC-541d,CC-541d
CC-541e,CC-541e
CC-541f,CC-541f
CC-541g,CC-541g
CC-541h,CC-541h
CC-558a,CC-558a
CC-558b,CC-558b
CC-558c,CC-558c
CC-674a,CC-674a
CC-674b,CC-674b
CC-674c,CC-674c
CC-674d,CC-674d
CC-674e,CC-674e
CC-848a,CC-848a
CC-848b,CC-848b
CC-848c,CC-848c
CC-848d,CC-848d
CC-848e,CC-848e
CC-848f,CC-848f
CC-848g,CC-848g
CC-848h,CC-848h
CG-021a,CG-021a
CG-021b,CG-021b
CG-021c,CG-021c
CG-021d,CG-021d
CG-021e,CG-021e
CG-021f,CG-021f
CG-021g,CG-021g
CG-044a,CG-044a
CG-044b,CG-044b
CG-044c,CG-044c
CG-044d,CG-044d
CG-044e,CG-044e
CG-281a,CG-281a
CG-281b,CG-281b
CG-281c,CG-281c
CG-281d,CG-281d
CG-281e,CG-281e
CG-281f,CG-281f
CG-339a,CG-339a
CG-339b,CG-339b
CG-339c,CG-339c
CG-339d,CG-339d
CG-339e,CG-339e
CG-339f,CG-339f
CG-856a,CG-856a
CG-856b,CG-856b
CG-856c,CG-856c
CG-856d,CG-856d
CH-115a,CH-115a
CH-115b,CH-115b
CH-115c,CH-115c
CH-115d,CH-115d
CH-115e,CH-115e
CH-131a,CH-131a
CH-131b,CH-131b
CH-131c,CH-131c
CH-131d,CH-131d
CH-131e,CH-131e
CH-131f,CH-131f
CH-364a,CH-364a
CH-364b,CH-364b
CH-364c,CH-364c
CH-364d,CH-364d
CH-364e,CH-364e
CH-364f,CH-364f
CH-364g,CH-364g
CH-657a,CH-657a
CH-657b,CH-657b
CH-657c,CH-657c
CH-657d,CH-657d
CH-771a,Pyrgos
CH-771b,CH-771b
CH-771c,CH-771c
CH-771d,CH-771d
CH-913a,CH-913a
CH-913b,CH-913b
CH-913c,CH-913c
CH-913d,CH-913d
CH-913e,CH-913e
CH-913f,CH-913f
CH-913g,CH-913g
CH-913h,CH-913h
CH-913i,CH-913i
CH-913j,CH-913j
DC-094a,DC-094a
DC-094b,DC-094b
DC-094c,DC-094c
DC-094d,DC-094d
DC-094e,DC-094e
DC-094f,DC-094f
DC-724a,DC-724a
DC-724b,DC-724b
DC-724c,DC-724c
DC-724d,DC-724d
DC-724e,DC-724e
DC-724f,DC-724f
DC-724g,DC-724g
DC-724h,DC-724h
DC-724i,DC-724i
DC-823a,DC-823a
DC-823b,Talosia
DC-823c,DC-823c
DC-823d,DC-823d
DC-823e,DC-823e
DC-823f,DC-823f
DC-823g,DC-823g
DC-823h,DC-823h
DC-823i,DC-823i
DC-970a,DC-970a
DC-970b,DC-970b
DC-970c,DC-970c
DC-970d,DC-970d
DC-970e,DC-970e
DC-970f,DC-970f
DC-970g,DC-970g
DW-161a,DW-161a
DW-161b,DW-161b
DW-161c,DW-161c
DW-161d,DW-161d
DW-161e,DW-161e
DW-419a,DW-419a
DW-419b,DW-419b
DW-419c,DW-419c
DW-419d,DW-419d
DW-456a,DW-456a
DW-456b,DW-456b
DW-456c,DW-456c
DW-456d,DW-456d
DW-456e,DW-456e
DW-456f,DW-456f
DW-456g,Orm
DW-739a,DW-739a
DW-739b,DW-739b
DW-739c,DW-739c
DW-739d,DW-739d
DW-739e,DW-739e
DW-835a,DW-835a
DW-835b,DW-835b
DW-835c,DW-835c
DW-835d,DW-835d
DX-325a,DX-325a
DX-325b,DX-325b
DX-325c,DX-325c
DX-325d,DX-325d
DX-325e,DX-325e
DX-561a,DX-561a
DX-561b,DX-561b
DX-561c,DX-561c
DX-561d,DX-561d
DX-561e,DX-561e
DX-561f,DX-561f
DX-561g,DX-561g
DX-853a,DX-853a
DX-853b,DX-853b
DX-853c,DX-853c
DX-853d,DX-853d
DX-853e,DX-853e
DX-853f,DX-853f
DX-853g,DX-853g
DX-916a,DX-916a
DX-916b,DX-916b
DX-916c,DX-916c
DX-916d,DX-916d
DX-916e,DX-916e
DX-916f,DX-916f
DX-916g,DX-916g
DX-916h,DX-916h
EL-179a,EL-179a
EL-179b,Manifold
EL-179c,EL-179c
EL-179d,EL-179d
EL-179e,EL-179e
EL-179f,EL-179f
EL-179g,EL-179g
EL-179h,EL-179h
EL-179i,EL-179i
EL-419a,EL-419a
EL-419b,EL-419b
EL-419c,EL-419c
EL-419d,EL-419d
EL-419e,EL-419e
EL-419f,EL-419f
EL-419g,EL-419g
EL-419h,EL-419h
EL-419i,EL-419i
EL-419j,EL-419j
EL-768a,EL-768a
EL-768b,EL-768b
EL-768c,EL-768c
EL-768d,EL-768d
EL-768e,EL-768e
EL-768f,EL-768f
EL-768g,EL-768g
EL-768h,EL-768h
EL-768i,EL-768i
EL-768j,EL-768j
EL-952a,EL-952a
EL-952b,EL-952b
EL-952c,EL-952c
EL-952d,EL-952d
EL-952e,EL-952e
EL-952f,EL-952f
EL-952g,EL-952g
EL-952h,EL-952h
EL-952i,EL-952i
EL-952j,EL-952j
EM-009a,EM-009a
EM-009b,EM-009b
EM-009c,EM-009c
EM-009d,EM-009d
EM-009e,EM-009e
EM-009f,EM-009f
EM-355a,EM-355a
EM-355b,EM-355b
EM-355c,EM-355c
EM-355d,EM-355d
EM-355e,EM-355e
EM-355f,EM-355f
EM-398a,EM-398a
EM-398b,EM-398b
EM-398c,EM-398c
EM-398d,EM-398d
EM-398e,EM-398e
EM-759a,EM-759a
EM-759b,EM-759b
EM-759c,EM-759c
EM-759d,EM-759d
EM-789a,EM-789a
EM-789b,EM-789b
EM-789c,EM-789c
EM-789d,EM-789d
EM-789e,EM-789e
EM-789f,EM-789f
EM-789g,EM-789g
EM-929a,EM-929a
EM-929b,EM-929b
EM-929c,EM-929c
EM-929d,EM-929d
EM-929e,EM-929e
EM-929f,EM-929f
EM-988a,EM-988a
EM-988b,EM-988b
EM-988c,EM-988c
EM-988d,EM-988d
EM-988e,EM-988e
EM-988f,EM-988f
EM-988g,EM-988g
EM-988h,EM-988h
EW-238a,EW-238a
EW-238b,EW-238b
EW-238c,EW-238c
EW-238d,EW-238d
EW-274a,EW-274a
EW-274b,EW-274b
EW-274c,EW-274c
EW-274d,EW-274d
EW-274e,EW-274e
EW-274f,EW-274f
EW-274g,EW-274g
EW-369a,EW-369a
EW-369b,EW-369b
EW-369c,EW-369c
EW-369d,EW-369d
EW-369e,EW-369e
EW-369f,EW-369f
EW-369g,EW-369g
EW-369h,EW-369h
EW-445a,EW-445a
EW-445b,EW-445b
EW-445c,EW-445c
EW-445d,EW-445d
EW-445e,EW-445e
EW-445f,EW-445f
EW-604a,EW-604a
EW-604b,EW-604b
EW-604c,EW-604c
EW-604d,EW-604d
EW-604e,EW-604e
EW-604f,EW-604f
EW-652a,EW-652a
EW-652b,EW-652b
EW-652c,EW-652c
EW-652d,EW-652d
EW-652e,EW-652e
EW-943a,EW-943a
EW-943b,EW-943b
EW-943c,EW-943c
EW-943d,EW-943d
EW-943e,EW-943e
EW-943f,EW-943f
EW-985a,EW-985a
EW-985b,EW-985b
EW-985c,EW-985c
EW-985d,EW-985d
EW-985e,EW-985e
EW-985f,EW-985f
EW-985g,EW-985g
EW-985h,EW-985h
EX-071a,EX-071a
EX-071b,EX-071b
EX-071c,EX-071c
EX-071d,EX-071d
EX-071e,EX-071e
EX-183a,EX-183a
EX-183b,EX-183b
EX-183c,EX-183c
EX-183d,EX-183d
EX-183e,EX-183e
EX-183f,EX-183f
EX-183g,EX-183g
EX-292a,EX-292a
EX-292b,EX-292b
EX-292c,EX-292c
EX-292d,EX-292d
EX-326a,EX-326a
EX-326b,EX-326b
EX-326c,EX-326c
EX-326d,EX-326d
EX-326e,EX-326e
EX-389a,EX-389a
EX-389b,EX-389b
EX-389c,EX-389c
EX-389d,EX-389d
EX-389e,EX-389e
EX-389f,EX-389f
EX-389g,EX-389g
EX-740a,EX-740a
EX-740b,EX-740b
EX-740c,EX-740c
EX-740d,EX-740d
EX-740e,EX-740e
EX-740f,EX-740f
EX-740g,EX-740g
EX-925a,EX-925a
EX-925b,EX-925b
EX-925c,EX-925c
EX-925d,EX-925d
EX-925e,EX-925e
EX-925f,EX-925f
EX-925g,EX-925g
EY-303a,EY-303a
EY-303b,EY-303b
EY-303c,EY-303c
EY-303d,EY-303d
EY-303e,EY-303e
EY-303f,EY-303f
EY-303g,EY-303g
EY-303h,EY-303h
EY-303i,EY-303i
EY-351a,EY-351a
EY-351b,EY-351b
EY-351c,EY-351c
EY-351d,EY-351d
EY-351e,EY-351e
EY-351f,EY-351f
EY-351g,EY-351g
EY-351h,EY-351h
EY-351i,EY-351i
EY-358a,EY-358a
EY-358b,EY-358b
EY-358c,EY-358c
EY-358d,EY-358d
EY-358e,EY-358e
EY-363a,EY-363a
EY-363b,EY-363b
EY-363c,EY-363c
EY-363d,EY-363d
EY-363e,EY-363e
EY-430a,EY-430a
EY-430b,EY-430b
EY-430c,EY-430c
EY-430d,EY-430d
EY-430e,EY-430e
EY-430f,EY-430f
EY-493a,EY-493a
EY-493b,EY-493b
EY-493c,EY-493c
EY-493d,EY-493d
EY-577a,EY-577a
EY-577b,EY-577b
EY-577c,EY-577c
EY-577d,EY-577d
EY-577e,EY-577e
EY-847a,EY-847a
EY-847b,EY-847b
EY-847c,EY-847c
EY-847d,EY-847d
EY-847e,EY-847e
EY-847f,EY-847f
EY-847g,EY-847g
EZ-176a,EZ-176a
EZ-176b,EZ-176b
EZ-176c,EZ-176c
EZ-176d,EZ-176d
EZ-176e,EZ-176e
EZ-176f,EZ-176f
EZ-190a,EZ-190a
EZ-190b,EZ-190b
EZ-190c,EZ-190c
EZ-190d,EZ-190d
EZ-190e,EZ-190e
EZ-190f,EZ-190f
EZ-190g,EZ-190g
EZ-476a,EZ-476a
EZ-476b,Nova Unalaska
EZ-476c,EZ-476c
EZ-476d,EZ-476d
EZ-476e,EZ-476e
EZ-476f,EZ-476f
EZ-566a,EZ-566a
EZ-566b,EZ-566b
EZ-566c,EZ-566c
EZ-566d,EZ-566d
EZ-566e,EZ-566e
EZ-566f,EZ-566f
EZ-566g,EZ-566g
EZ-969a,EZ-969a
EZ-969b,EZ-969b
EZ-969c,EZ-969c
EZ-969d,EZ-969d
EZ-969e,EZ-969e
EZ-969f,EZ-969f
EZ-969g,EZ-969g
EZ-969h,EZ-969h
EZ-969i,EZ-969i
FA-035a,FA-035a
FA-035b,FA-035b
FA-035c,FA-035c
FA-035d,FA-035d
FA-035e,FA-035e
FA-042a,FA-042a
FA-042b,FA-042b
FA-042c,FA-042c
FA-042d,FA-042d
FA-042e,FA-042e
FA-042f,FA-042f
FA-042g,FA-042g
FA-042h,FA-042h
FA-042i,FA-042i
FA-056a,FA-056a
FA-056b,FA-056b
FA-056c,FA-056c
FA-056d,FA-056d
FA-056e,FA-056e
FA-056f,FA-056f
FA-320a,FA-320a
FA-320b,FA-320b
FA-320c,FA-320c
FA-320d,FA-320d
FA-382a,FA-382a
FA-382b,FA-382b
FA-382c,FA-382c
FA-382d,FA-382d
FK-037a,FK-037a
FK-037b,FK-037b
FK-037c,FK-037c
FK-037d,FK-037d
FK-037e,FK-037e
FK-037f,FK-037f
FK-037g,FK-037g
FK-317a,FK-317a
FK-317b,FK-317b
FK-317c,FK-317c
FK-317d,FK-317d
FK-317e,FK-317e
FK-371a,FK-371a
FK-371b,FK-371b
FK-371c,FK-371c
FK-371d,FK-371d
FK-371e,FK-371e
FK-794a,FK-794a
FK-794b,Boucher
FK-794c,FK-794c
FK-794d,FK-794d
FK-794e,FK-794e
FK-794f,FK-794f
FK-794g,FK-794g
FW-039a,FW-039a
FW-039b,FW-039b
FW-039c,FW-039c
FW-129a,FW-129a
FW-129b,FW-129b
FW-129c,FW-129c
FW-129d,FW-129d
FW-129e,FW-129e
FW-129f,FW-129f
FW-129g,FW-129g
FW-344a,FW-344a
FW-344b,FW-344b
FW-344c,FW-344c
FW-691a,FW-691a
FW-691b,FW-691b
FW-691c,FW-691c
FW-691d,FW-691d
FW-691e,FW-691e
FW-691f,FW-691f
FW-691g,FW-691g
FW-918a,FW-918a
FW-918b,FW-918b
FW-918c,FW-918c
FW-918d,FW-918d
FW-918e,FW-918e
FW-918f,FW-918f
FW-918g,FW-918g
FW-918h,FW-918h
FW-918i,FW-918i
GC-025a,GC-025a
GC-025b,GC-025b
GC-025c,GC-025c
GC-025d,GC-025d
GC-025e,GC-025e
GC-032a,GC-032a
GC-032b,GC-032b
GC-032c,GC-032c
GC-032d,GC-032d
GC-032e,GC-032e
GC-032f,GC-032f
GC-032g,GC-032g
GC-032h,GC-032h
GC-032i,GC-032i
GC-032j,GC-032j
GC-231a,GC-231a
GC-231b,GC-231b
GC-231c,GC-231c
GC-231d,GC-231d
GC-231e,GC-231e
GC-231f,GC-231f
GC-474a,GC-474a
GC-474b,GC-474b
GC-474c,GC-474c
GC-474d,GC-474d
GC-474e,GC-474e
GC-474f,GC-474f
GC-474g,GC-474g
GC-602a,GC-602a
GC-602b,GC-602b
GC-602c,GC-602c
GC-602d,GC-602d
GC-602e,GC-602e
GC-602f,GC-602f
GC-602g,GC-602g
GC-602h,GC-602h
GC-645a,GC-645a
GC-645b,Vault
GC-645c,GC-645c
GC-645d,GC-645d
GC-645e,GC-645e
GC-645f,GC-645f
GC-645g,GC-645g
GC-645h,GC-645h
GC-645i,GC-645i
GC-728a,GC-728a
GC-728b,GC-728b
GC-728c,GC-728c
GC-728d,GC-728d
GC-728e,GC-728e
GC-728f,GC-728f
GK-115a,GK-115a
GK-115b,GK-115b
GK-115c,GK-115c
GK-115d,GK-115d
GK-115e,GK-115e
GK-115f,GK-115f
GK-115g,GK-115g
GK-115h,GK-115h
GK-115i,GK-115i
GK-219a,GK-219a
GK-219b,GK-219b
GK-219c,GK-219c
GK-219d,GK-219d
GK-219e,GK-219e
GK-219f,GK-219f
GK-219g,GK-219g
GK-219h,GK-219h
GK-258a,GK-258a
GK-258b,GK-258b
GK-258c,GK-258c
GK-258d,GK-258d
GK-258e,GK-258e
GK-258f,GK-258f
GK-258g,GK-258g
GK-439a,GK-439a
GK-439b,GK-439b
GK-439c,GK-439c
GK-439d,GK-439d
GK-439e,GK-439e
GK-439f,GK-439f
GK-439g,GK-439g
GK-462a,GK-462a
GK-462b,GK-462b
GK-462c,GK-462c
GK-462d,GK-462d
GK-462e,GK-462e
GK-462f,GK-462f
GK-462g,GK-462g
GK-462h,GK-462h
GK-476a,GK-476a
GK-476b,GK-476b
GK-476c,GK-476c
GK-476d,GK-476d
GK-476e,GK-476e
GK-476f,GK-476f
GK-476g,GK-476g
GK-619a,GK-619a
GK-619b,GK-619b
GK-619c,GK-619c
GK-619d,GK-619d
GK-619e,GK-619e
GK-619f,GK-619f
GK-619g,GK-619g
GK-619h,GK-619h
GK-619i,GK-619i
GK-619j,GK-619j
GK-996a,GK-996a
GK-996b,GK-996b
GK-996c,GK-996c
GK-996d,GK-996d
GK-996e,GK-996e
GK-996f,GK-996f
GM-037a,GM-037a
GM-037b,GM-037b
GM-037c,GM-037c
GM-037d,GM-037d
GM-037e,GM-037e
GM-037f,GM-037f
GM-037g,GM-037g
GM-037h,GM-037h
GM-037i,GM-037i
GM-212a,GM-212a
GM-212b,GM-212b
GM-212c,GM-212c
GM-212d,GM-212d
GM-212e,GM-212e
GM-212f,GM-212f
GM-332a,GM-332a
GM-332b,GM-332b
GM-332c,GM-332c
GM-332d,GM-332d
GM-332e,GM-332e
GM-332f,GM-332f
GM-332g,GM-332g
GM-332h,GM-332h
GM-498a,GM-498a
GM-498b,GM-498b
GM-498c,GM-498c
GM-498d,GM-498d
GM-498e,GM-498e
GM-498f,GM-498f
GM-844a,GM-844a
GM-844b,GM-844b
GM-844c,GM-844c
GM-844d,GM-844d
GM-844e,GM-844e
GM-844f,GM-844f
GM-844g,GM-844g
GY-110a,GY-110a
GY-110b,GY-110b
GY-110c,Chu
GY-110d,GY-110d
GY-110e,GY-110e
GY-110f,GY-110f
GY-135a,GY-135a
GY-135b,GY-135b
GY-135c,GY-135c
GY-135d,GY-135d
GY-252a,GY-252a
GY-252b,GY-252b
GY-252c,GY-252c
GY-252d,GY-252d
GY-252e,GY-252e
GY-252f,GY-252f
GY-252g,GY-252g
GY-252h,GY-252h
GY-528a,GY-528a
GY-528b,GY-528b
GY-528c,GY-528c
GY-528d,GY-528d
GY-528e,GY-528e
GY-528f,GY-528f
GY-694a,GY-694a
GY-694b,GY-694b
GY-694c,GY-694c
GY-694d,GY-694d
GY-694e,GY-694e
GY-694f,GY-694f
GY-694g,GY-694g
GY-694h,GY-694h
GY-694i,GY-694i
GY-811a,GY-811a
GY-811b,GY-811b
GY-811c,GY-811c
GY-811d,GY-811d
GY-811e,GY-811e
GY-811f,GY-811f
GY-811g,GY-811g
GY-811h,GY-811h
GY-811i,GY-811i
GY-811j,GY-811j
GY-919a,GY-919a
GY-919b,GY-919b
GY-919c,GY-919c
GY-919d,GY-919d
GY-986a,GY-986a
GY-986b,GY-986b
GY-986c,GY-986c
GY-986d,GY-986d
GY-986e,GY-986e
GY-986f,GY-986f
GY-986g,GY-986g
HM-049a,HM-049a
HM-049b,Poseidon
HM-049c,HM-049c
HM-049d,HM-049d
HM-049e,HM-049e
HM-049f,HM-049f
HM-049g,HM-049g
HM-049h,HM-049h
HM-223a,HM-223a
HM-223b,HM-223b
HM-301a,HM-301a
HM-301b,HM-301b
HM-301c,HM-301c
HM-301d,HM-301d
HM-301e,HM-301e
HM-301f,HM-301f
HM-301g,HM-301g
HM-365a,HM-365a
HM-365b,HM-365b
HM-365c,HM-365c
HM-365d,HM-365d
HM-365e,HM-365e
HM-365f,HM-365f
HM-517a,HM-517a
HM-517b,HM-517b
HM-517c,HM-517c
HM-517d,HM-517d
HM-517e,HM-517e
HM-517f,HM-517f
HM-517g,HM-517g
HM-517h,HM-517h
HM-517i,HM-517i
HM-517j,HM-517j
HM-910a,HM-910a
HM-910b,HM-910b
HM-910c,HM-910c
HM-910d,HM-910d
HM-910e,HM-910e
HM-910f,HM-910f
HP-242a,HP-242a
HP-242b,HP-242b
HP-242c,HP-242c
HP-242d,HP-242d
HP-454a,HP-454a
HP-454b,HP-454b
HP-454c,HP-454c
HP-454d,HP-454d
HP-454e,HP-454e
HP-454f,HP-454f
HP-454g,HP-454g
HP-454h,HP-454h
HP-933a,HP-933a
HP-933b,HP-933b
HP-933c,HP-933c
HP-933d,HP-933d
HP-933e,HP-933e
HP-937a,HP-937a
HP-937b,HP-937b
HP-937c,HP-937c
HP-937d,HP-937d
HP-937e,HP-937e
HP-937f,HP-937f
HP-937g,HP-937g
HP-937h,HP-937h
HV-029a,HV-029a
HV-029b,HV-029b
HV-029c,HV-029c
HV-029d,HV-029d
HV-029e,HV-029e
HV-029f,HV-029f
HV-194a,HV-194a
HV-194b,HV-194b
HV-194c,HV-194c
HV-194d,HV-194d
HV-322a,HV-322a
HV-322b,HV-322b
HV-322c,HV-322c
HV-322d,HV-322d
HV-322e,HV-322e
HV-322f,HV-322f
HV-472a,HV-472a
HV-472b,HV-472b
HV-472c,HV-472c
HV-472d,HV-472d
HV-472e,HV-472e
HV-472f,HV-472f
HV-512a,HV-512a
HV-512b,HV-512b
HV-512c,HV-512c
HV-512d,HV-512d
HV-512e,HV-512e
HV-512f,HV-512f
HV-512g,HV-512g
HV-594a,HV-594a
HV-594b,HV-594b
HV-594c,HV-594c
HV-594d,HV-594d
HV-594e,HV-594e
HV-594f,HV-594f
HV-594g,HV-594g
HV-594h,HV-594h
HV-594i,HV-594i
HV-780a,HV-780a
HV-780b,HV-780b
HV-780c,HV-780c
HV-780d,HV-780d
HV-780e,HV-780e
HV-780f,HV-780f
HV-813a,HV-813a
HV-813b,HV-813b
HV-813c,HV-813c
HV-813d,HV-813d
HV-813e,HV-813e
HV-813f,HV-813f
HV-813g,HV-813g
HV-813h,HV-813h
IA-093a,IA-093a
IA-093b,IA-093b
IA-093c,IA-093c
IA-093d,IA-093d
IA-093e,IA-093e
IA-093f,IA-093f
IA-093g,IA-093g
IA-151a,IA-151a
IA-151b,IA-151b
IA-151c,IA-151c
IA-151d,IA-151d
IA-151e,IA-151e
IA-158a,IA-158a
IA-158b,IA-158b
IA-158c,IA-158c
IA-158d,IA-158d
IA-158e,IA-158e
IA-335a,IA-335a
IA-335b,IA-335b
IA-335c,IA-335c
IA-335d,IA-335d
IA-335e,IA-335e
IA-335f,IA-335f
IA-335g,IA-335g
IA-335h,IA-335h
IA-603a,IA-603a
IA-603b,Apothecary
IA-603c,IA-603c
IA-603d,IA-603d
IA-982a,IA-982a
IA-982b,IA-982b
IA-982c,IA-982c
IA-982d,IA-982d
IA-982e,IA-982e
IA-982f,IA-982f
IA-982g,IA-982g
IC-012a,IC-012a
IC-012b,IC-012b
IC-012c,IC-012c
IC-012d,IC-012d
IC-012e,IC-012e
IC-012f,IC-012f
IC-012g,IC-012g
IC-162a,IC-162a
IC-162b,IC-162b
IC-162c,IC-162c
IC-162d,IC-162d
IC-162e,IC-162e
IC-162f,IC-162f
IC-162g,IC-162g
IC-162h,IC-162h
IC-259a,IC-259a
IC-259b,IC-259b
IC-259c,IC-259c
IC-259d,IC-259d
IC-259e,IC-259e
IC-530a,IC-530a
IC-530b,IC-530b
IC-530c,IC-530c
IC-530d,IC-530d
IC-530e,IC-530e
IC-530f,IC-530f
IC-530g,IC-530g
IC-530h,IC-530h
IC-530i,IC-530i
IC-548a,IC-548a
IC-548b,IC-548b
IC-548c,IC-548c
IC-548d,IC-548d
IC-548e,IC-548e
IC-548f,IC-548f
IC-685a,IC-685a
IC-685b,IC-685b
IC-685c,IC-685c
IC-685d,IC-685d
IC-685e,IC-685e
IC-685f,IC-685f
IC-685g,IC-685g
IC-748a,IC-748a
IC-748b,IC-748b
IC-748c,IC-748c
IC-748d,IC-748d
IC-748e,IC-748e
IC-748f,IC-748f
IC-748g,IC-748g
IC-748h,IC-748h
IC-748i,IC-748i
IC-945a,IC-945a
IC-945b,IC-945b
IC-945c,IC-945c
IC-945d,IC-945d
IV-102a,IV-102a
IV-102b,IV-102b
IV-313a,IV-313a
IV-313b,IV-313b
IV-313c,IV-313c
IV-313d,IV-313d
IV-313e,IV-313e
IV-313f,IV-313f
IV-313g,IV-313g
IV-524a,IV-524a
IV-524b,IV-524b
IV-524c,IV-524c
IV-524d,IV-524d
IV-524e,IV-524e
IV-524f,IV-524f
IV-524g,IV-524g
IV-543a,IV-543a
IV-543b,IV-543b
IV-543c,IV-543c
IV-583a,IV-583a
IV-583b,IV-583b
IV-583c,IV-583c
IV-583d,IV-583d
IV-583e,IV-583e
IV-583f,IV-583f
IV-583g,IV-583g
IV-738a,IV-738a
IV-738b,IV-738b
IV-738c,IV-738c
IV-738d,IV-738d
IV-738e,IV-738e
IV-738f,IV-738f
IV-876a,IV-876a
IV-876b,IV-876b
IV-876c,IV-876c
IV-876d,IV-876d
IV-876e,IV-876e
IV-942a,IV-942a
IV-942b,IV-942b
IV-942c,IV-942c
IV-942d,IV-942d
IY-028a,IY-028a
IY-028b,IY-028b
IY-028c,Electronica
IY-028d,IY-028d
IY-028e,IY-028e
IY-028f,IY-028f
IY-112a,IY-112a
IY-112b,IY-112b
IY-112c,IY-112c
IY-112d,IY-112d
IY-112e,IY-112e
IY-112f,IY-112f
IY-206a,IY-206a
IY-206b,IY-206b
IY-206c,IY-206c
IY-206d,IY-206d
IY-206e,IY-206e
IY-206f,IY-206f
IY-206g,IY-206g
IY-206h,IY-206h
IY-206i,IY-206i
IY-206j,IY-206j
IY-387a,IY-387a
IY-387b,IY-387b
IY-387c,IY-387c
IY-387d,IY-387d
IY-387e,IY-387e
IY-816a,IY-816a
IY-816b,IY-816b
IY-816c,IY-816c
IY-816d,IY-816d
IY-816e,IY-816e
IY-816f,IY-816f
IY-816g,IY-816g
IY-816h,IY-816h
IY-964a,IY-964a
IY-964b,IY-964b
IY-964c,IY-964c
IY-964d,IY-964d
IY-964e,IY-964e
IZ-054a,IZ-054a
IZ-054b,IZ-054b
IZ-054c,IZ-054c
IZ-054d,IZ-054d
IZ-054e,IZ-054e
IZ-054f,IZ-054f
IZ-054g,IZ-054g
IZ-054h,IZ-054h
IZ-054i,IZ-054i
IZ-257a,IZ-257a
IZ-257b,IZ-257b
IZ-257c,IZ-257c
IZ-257d,IZ-257d
IZ-257e,IZ-257e
IZ-257f,IZ-257f
IZ-257g,IZ-257g
IZ-257h,IZ-257h
IZ-257i,IZ-257i
IZ-437a,IZ-437a
IZ-437b,IZ-437b
IZ-437c,IZ-437c
IZ-437d,IZ-437d
IZ-437e,IZ-437e
IZ-455a,IZ-455a
IZ-455b,IZ-455b
IZ-455c,IZ-455c
IZ-455d,IZ-455d
IZ-455e,IZ-455e
IZ-455f,IZ-455f
IZ-455g,IZ-455g
IZ-455h,IZ-455h
IZ-455i,IZ-455i
IZ-468a,IZ-468a
IZ-468b,IZ-468b
IZ-468c,IZ-468c
IZ-468d,IZ-468d
IZ-468e,IZ-468e
IZ-468f,IZ-468f
IZ-482a,IZ-482a
IZ-482b,IZ-482b
IZ-482c,IZ-482c
IZ-482d,IZ-482d
IZ-482e,IZ-482e
IZ-482f,IZ-482f
IZ-482g,IZ-482g
IZ-654a,IZ-654a
IZ-654b,IZ-654b
IZ-654c,IZ-654c
IZ-768a,IZ-768a
IZ-768b,IZ-768b
IZ-768c,IZ-768c
IZ-768d,IZ-768d
IZ-768e,IZ-768e
IZ-768f,IZ-768f
IZ-768g,IZ-768g
IZ-768h,IZ-768h
IZ-768i,IZ-768i
IZ-816a,IZ-816a
IZ-816b,IZ-816b
IZ-816c,IZ-816c
IZ-816d,IZ-816d
IZ-911a,IZ-911a
IZ-911b,IZ-911b
IZ-911c,IZ-911c
IZ-911d,IZ-911d
IZ-911e,IZ-911e
IZ-911f,IZ-911f
IZ-911g,IZ-911g
IZ-911h,IZ-911h
IZ-911i,IZ-911i
JK-749a,JK-749a
JK-749b,JK-749b
JK-749c,JK-749c
JK-749d,JK-749d
JK-749e,JK-749e
JK-758a,JK-758a
JK-758b,JK-758b
JK-758c,JK-758c
JK-758d,JK-758d
JK-758e,JK-758e
JK-758f,JK-758f
JK-758g,JK-758g
JK-776a,JK-776a
JK-776b,JK-776b
JK-776c,JK-776c
JK-776d,JK-776d
JK-776e,JK-776e
JK-776f,JK-776f
JK-776g,JK-776g
JK-776h,JK-776h
JK-782a,JK-782a
JK-782b,JK-782b
JK-782c,JK-782c
JK-782d,JK-782d
JK-782e,JK-782e
JK-782f,JK-782f
JK-782g,JK-782g
JK-782h,JK-782h
JK-782i,JK-782i
JK-782j,JK-782j
JK-978a,JK-978a
JK-978b,JK-978b
JK-978c,JK-978c
JK-978d,JK-978d
JK-978e,JK-978e
JK-978f,JK-978f
JK-978g,JK-978g
JP-324a,JP-324a
JP-324b,JP-324b
JP-324c,JP-324c
JP-324d,JP-324d
JP-324e,JP-324e
JS-009a,JS-009a
JS-009b,JS-009b
JS-009c,JS-009c
JS-009d,JS-009d
JS-009e,JS-009e
JS-009f,JS-009f
JS-009g,JS-009g
JS-009h,JS-009h
JS-299a,Nemesis
JS-299b,JS-299b
JS-299c,JS-299c
JS-299d,JS-299d
JS-309a,JS-309a
JS-309b,JS-309b
JS-309c,JS-309c
JS-309d,JS-309d
JS-309e,JS-309e
JS-367a,JS-367a
JS-367b,JS-367b
JS-367c,JS-367c
JS-367d,JS-367d
JS-367e,JS-367e
JS-367f,JS-367f
JS-570a,JS-570a
JS-570b,JS-570b
JS-570c,JS-570c
JS-570d,JS-570d
JS-570e,JS-570e
JS-570f,JS-570f
JS-570g,JS-570g
JS-570h,JS-570h
JS-570i,JS-570i
JS-572a,JS-572a
JS-572b,JS-572b
JS-572c,JS-572c
JS-572d,JS-572d
JS-572e,JS-572e
JS-572f,JS-572f
JS-572g,JS-572g
JS-572h,JS-572h
JS-572i,JS-572i
JS-572j,JS-572j
JS-601a,JS-601a
JS-601b,JS-601b
JS-601c,JS-601c
JS-601d,JS-601d
JS-601e,JS-601e
JS-601f,JS-601f
JS-637a,JS-637a
JS-637b,JS-637b
JS-637c,JS-637c
JS-637d,JS-637d
JS-637e,JS-637e
JS-637f,JS-637f
JS-637g,JS-637g
JS-753a,JS-753a
JS-753b,JS-753b
JS-753c,JS-753c
JS-753d,JS-753d
JS-753e,JS-753e
JS-753f,JS-753f
JS-753g,JS-753g
JS-753h,JS-753h
JS-761a,JS-761a
JS-761b,JS-761b
JS-761c,JS-761c
JS-761d,JS-761d
JS-829a,JS-829a
JS-829b,JS-829b
JS-829c,JS-829c
JS-829d,JS-829d
JS-829e,JS-829e
JS-829f,JS-829f
JS-829g,JS-829g
JS-829h,JS-829h
JS-869a,JS-869a
JS-869b,JS-869b
JS-869c,JS-869c
JS-869d,JS-869d
JS-869e,JS-869e
JS-869f,JS-869f
JS-913a,JS-913a
JS-913b,JS-913b
JS-913c,JS-913c
JS-913d,JS-913d
JS-913e,JS-913e
JS-913f,JS-913f
JS-913g,JS-913g
JS-913h,JS-913h
JS-952a,JS-952a
JS-952b,JS-952b
JS-952c,Gibson
JS-952d,JS-952d
JS-952e,JS-952e
JS-952f,JS-952f
JS-952g,JS-952g
KC-051a,KC-051a
KC-051b,KC-051b
KC-051c,KC-051c
KC-051d,KC-051d
KC-051e,KC-051e
KC-051f,KC-051f
KC-220a,KC-220a
KC-220b,KC-220b
KC-220c,KC-220c
KC-220d,KC-220d
KC-421a,KC-421a
KC-421b,KC-421b
KC-421c,KC-421c
KC-421d,KC-421d
KC-421e,KC-421e
KC-421f,KC-421f
KC-421g,KC-421g
KC-424a,KC-424a
KC-424b,KC-424b
KC-424c,KC-424c
KC-424d,KC-424d
KC-424e,KC-424e
KC-424f,KC-424f
KC-452a,KC-452a
KC-452b,KC-452b
KC-452c,KC-452c
KC-452d,KC-452d
KC-452e,KC-452e
KC-544a,KC-544a
KC-544b,KC-544b
KC-544c,KC-544c
KC-544d,KC-544d
KC-544e,KC-544e
KC-544f,KC-544f
KC-765a,KC-765a
KC-765b,KC-765b
KC-765c,KC-765c
KC-765d,KC-765d
KC-765e,KC-765e
KC-765f,KC-765f
KC-832a,KC-832a
KC-832b,KC-832b
KC-832c,KC-832c
KC-832d,KC-832d
KI-080a,KI-080a
KI-080b,KI-080b
KI-080c,KI-080c
KI-080d,KI-080d
KI-080e,KI-080e
KI-080f,KI-080f
KI-080g,KI-080g
KI-080h,KI-080h
KI-401a,KI-401a
KI-401b,KI-401b
KI-401c,KI-401c
KI-401d,KI-401d
KI-439a,KI-439a
KI-439b,KI-439b
KI-439c,KI-439c
KI-439d,KI-439d
KI-439e,KI-439e
KI-439f,KI-439f
KI-439g,KI-439g
KI-439h,KI-439h
KI-439i,KI-439i
KI-446a,Australia
KI-446b,Demeter
KI-446c,KI-446c
KI-446d,KI-446d
KI-446e,KI-446e
KI-446f,KI-446f
KI-446g,KI-446g
KI-446h,KI-446h
KI-446i,KI-446i
KI-446j,KI-446j
KI-448a,KI-448a
KI-448b,Hermes
KI-448c,KI-448c
KI-448d,KI-448d
KI-840a,KI-840a
KI-840b,KI-840b
KI-840c,KI-840c
KI-840d,KI-840d
KI-840e,KI-840e
KI-840f,KI-840f
KI-840g,KI-840g
KQ-187a,KQ-187a
KQ-187b,KQ-187b
KQ-187c,KQ-187c
KQ-187d,KQ-187d
KQ-187e,KQ-187e
KQ-205a,KQ-205a
KQ-205b,KQ-205b
KQ-451a,KQ-451a
KQ-451b,KQ-451b
KQ-451c,KQ-451c
KQ-451d,KQ-451d
KQ-451e,KQ-451e
KQ-451f,KQ-451f
KQ-451g,KQ-451g
KQ-451h,KQ-451h
KQ-451i,KQ-451i
KQ-451j,KQ-451j
KQ-520a,KQ-520a
KQ-520b,KQ-520b
KQ-520c,KQ-520c
KQ-520d,KQ-520d
KQ-520e,KQ-520e
KQ-520f,KQ-520f
KQ-520g,KQ-520g
KQ-520h,KQ-520h
KQ-520i,KQ-520i
KQ-833a,KQ-833a
KQ-833b,KQ-833b
KQ-833c,KQ-833c
KQ-833d,KQ-833d
KQ-833e,KQ-833e
KQ-833f,KQ-833f
KQ-833g,KQ-833g
KQ-833h,KQ-833h
KQ-833i,KQ-833i
KQ-966a,KQ-966a
KQ-966b,Rock
KQ-966c,KQ-966c
KQ-966d,KQ-966d
KQ-966e,KQ-966e
KQ-966f,KQ-966f
KQ-966g,KQ-966g
KW-020a,KW-020a
KW-020b,KW-020b
KW-020c,Milliways
KW-020d,KW-020d
KW-020e,KW-020e
KW-020f,KW-020f
KW-358a,KW-358a
KW-358b,Geidi Prime
KW-358c,KW-358c
KW-358d,KW-358d
KW-358e,KW-358e
KW-358f,KW-358f
KW-358g,KW-358g
KW-358h,KW-358h
KW-358i,KW-358i
KW-602a,KW-602a
KW-602b,KW-602b
KW-602c,KW-602c
KW-602d,KW-602d
KW-626a,KW-626a
KW-626b,KW-626b
KW-626c,KW-626c
KW-626d,KW-626d
KW-626e,KW-626e
KW-688a,KW-688a
KW-688b,KW-688b
KW-688c,Etherwind
KW-688d,KW-688d
KW-688e,KW-688e
KW-688f,KW-688f
KW-689a,KW-689a
KW-689b,KW-689b
KW-689c,KW-689c
KW-689d,KW-689d
KW-689e,KW-689e
KW-689f,KW-689f
KW-689g,KW-689g
KW-689h,KW-689h
KW-689i,KW-689i
KW-689j,KW-689j
KW-950a,KW-950a
KW-950b,KW-950b
KW-950c,KW-950c
KW-950d,KW-950d
KW-976a,KW-976a
KW-976b,KW-976b
KW-976c,KW-976c
KW-976d,KW-976d
KW-976e,KW-976e
LA-236a,LA-236a
LA-236b,LA-236b
LA-236c,LA-236c
LA-236d,LA-236d
LA-236e,LA-236e
LA-236f,LA-236f
LB-056a,LB-056a
LB-056b,LB-056b
LB-056c,LB-056c
LB-056d,LB-056d
LB-056e,LB-056e
LB-056f,LB-056f
LB-428a,LB-428a
LB-428b,LB-428b
LB-428c,LB-428c
LB-428d,LB-428d
LB-428e,LB-428e
LB-428f,LB-428f
LB-428g,LB-428g
LB-428h,LB-428h
LB-476a,LB-476a
LB-476b,LB-476b
LB-476c,LB-476c
LB-476d,LB-476d
LB-506a,LB-506a
LB-506b,LB-506b
LB-506c,LB-506c
LB-506d,LB-506d
LB-506e,LB-506e
LB-506f,LB-506f
LB-506g,LB-506g
LB-599a,LB-599a
LB-599b,LB-599b
LB-599c,LB-599c
LB-599d,LB-599d
LB-599e,LB-599e
LB-599f,LB-599f
LB-599g,LB-599g
LB-599h,LB-599h
LB-716a,LB-716a
LB-716b,LB-716b
LB-716c,LB-716c
LB-716d,LB-716d
LB-716e,LB-716e
LE-137a,LE-137a
LE-137b,LE-137b
LE-137c,LE-137c
LE-137d,LE-137d
LE-137e,LE-137e
LE-137f,LE-137f
LE-137g,LE-137g
LG-093a,LG-093a
LG-093b,LG-093b
LG-093c,LG-093c
LG-093d,LG-093d
LG-150a,LG-150a
LG-150b,LG-150b
LG-150c,LG-150c
LG-150d,LG-150d
LG-150e,LG-150e
LG-262a,LG-262a
LG-262b,LG-262b
LG-262c,LG-262c
LG-262d,LG-262d
LG-262e,LG-262e
LG-262f,LG-262f
LG-262g,LG-262g
LG-262h,LG-262h
LG-262i,LG-262i
LG-298a,LG-298a
LG-298b,LG-298b
LG-298c,LG-298c
LG-298d,LG-298d
LG-298e,LG-298e
LG-298f,LG-298f
LG-418a,LG-418a
LG-418b,Kinza
LG-418c,LG-418c
LG-418d,LG-418d
LG-418e,LG-418e
LG-418f,LG-418f
LG-418g,LG-418g
LG-430a,LG-430a
LG-430b,LG-430b
LG-430c,LG-430c
LG-430d,LG-430d
LG-430e,LG-430e
LG-430f,LG-430f
LG-430g,LG-430g
LG-598a,LG-598a
LG-598b,LG-598b
LG-598c,LG-598c
LG-598d,LG-598d
LG-598e,LG-598e
LG-598f,LG-598f
LG-598g,LG-598g
LG-672a,LG-672a
LG-672b,LG-672b
LG-672c,LG-672c
LG-672d,LG-672d
LG-672e,LG-672e
LG-672f,LG-672f
LG-672g,LG-672g
LG-672h,LG-672h
LG-672i,LG-672i
LG-758a,LG-758a
LG-758b,LG-758b
LG-758c,LG-758c
LG-758d,LG-758d
LG-758e,LG-758e
LG-758f,LG-758f
LG-854a,LG-854a
LG-854b,LG-854b
LG-854c,LG-854c
LG-854d,LG-854d
LG-854e,LG-854e
LG-854f,LG-854f
LG-854g,LG-854g
LG-907a,LG-907a
LG-907b,LG-907b
LG-907c,LG-907c
LG-907d,LG-907d
LG-907e,LG-907e
LG-907f,LG-907f
LG-907g,LG-907g
LG-907h,LG-907h
LG-907i,LG-907i
LG-913a,LG-913a
LG-913b,LG-913b
LG-913c,LG-913c
LG-913d,LG-913d
LG-913e,Planet Mc Planetface
LG-913f,LG-913f
LG-913g,LG-913g
LS-014a,LS-014a
LS-014b,LS-014b
LS-014c,LS-014c
LS-014d,LS-014d
LS-123a,LS-123a
LS-123b,LS-123b
LS-123c,LS-123c
LS-123d,LS-123d
LS-227a,LS-227a
LS-227b,LS-227b
LS-227c,LS-227c
LS-227d,LS-227d
LS-227e,LS-227e
LS-227f,LS-227f
LS-227g,LS-227g
LS-227h,LS-227h
LS-227i,LS-227i
LS-227j,LS-227j
LS-231a,LS-231a
LS-231b,LS-231b
LS-231c,LS-231c
LS-231d,LS-231d
LS-231e,LS-231e
LS-231f,LS-231f
LS-271a,LS-271a
LS-271b,LS-271b
LS-271c,LS-271c
LS-271d,LS-271d
LS-271e,LS-271e
LS-271f,LS-271f
LS-271g,LS-271g
LS-271h,LS-271h
LS-300a,LS-300a
LS-300b,LS-300b
LS-300c,Griffonstone
LS-300d,LS-300d
LS-300e,LS-300e
LS-300f,LS-300f
LS-300g,LS-300g
LS-300h,LS-300h
LS-436a,LS-436a
LS-436b,LS-436b
LS-436c,LS-436c
LS-436d,LS-436d
LS-436e,LS-436e
LS-436f,LS-436f
LS-483a,LS-483a
LS-483b,LS-483b
LS-483c,LS-483c
LS-483d,LS-483d
LS-483e,LS-483e
LS-483f,LS-483f
LS-621a,LS-621a
LS-621b,LS-621b
LS-621c,LS-621c
LS-621d,LS-621d
LS-746a,LS-746a
LS-746b,LS-746b
LS-746c,LS-746c
LS-746d,LS-746d
LS-746e,LS-746e
LS-746f,LS-746f
LS-746g,LS-746g
LS-746h,LS-746h
LS-763a,LS-763a
LS-763b,LS-763b
LS-763c,LS-763c
LS-763d,LS-763d
LS-763e,LS-763e
LS-763f,LS-763f
LS-763g,LS-763g
LS-828a,LS-828a
LS-828b,LS-828b
LS-828c,LS-828c
LS-828d,LS-828d
LS-828e,LS-828e
LS-923a,LS-923a
LS-923b,LS-923b
LS-923c,LS-923c
LS-923d,LS-923d
LS-923e,LS-923e
LS-934a,LS-934a
LS-934b,LS-934b
LS-934c,LS-934c
LS-934d,LS-934d
LS-934e,LS-934e
LS-934f,LS-934f
MG-197a,MG-197a
MG-197b,MG-197b
MG-197c,MG-197c
MG-197d,MG-197d
MG-197e,MG-197e
MG-197f,MG-197f
MG-483a,MG-483a
MG-483b,MG-483b
MG-483c,MG-483c
MG-483d,MG-483d
MG-483e,MG-483e
MG-483f,MG-483f
MG-483g,MG-483g
MG-483h,MG-483h
MG-594a,MG-594a
MG-594b,MG-594b
MG-594c,MG-594c
MG-594d,MG-594d
MG-594e,MG-594e
MG-623a,MG-623a
MG-623b,MG-623b
MG-623c,MG-623c
MG-623d,MG-623d
MG-623e,MG-623e
MG-623f,MG-623f
MG-623g,MG-623g
MG-623h,MG-623h
MG-623i,MG-623i
MG-630a,MG-630a
MG-630b,MG-630b
MG-630c,MG-630c
MG-630d,MG-630d
MG-630e,MG-630e
MG-630f,MG-630f
MG-630g,MG-630g
MG-630h,MG-630h
MG-630i,MG-630i
MG-630j,MG-630j
MG-708a,MG-708a
MG-708b,MG-708b
MG-708c,MG-708c
MG-708d,MG-708d
MG-708e,MG-708e
MG-708f,MG-708f
MG-708g,MG-708g
MG-708h,MG-708h
MG-885a,MG-885a
MG-885b,MG-885b
MG-885c,MG-885c
MG-885d,MG-885d
MG-885e,MG-885e
MG-885f,MG-885f
MG-885g,MG-885g
MG-885h,MG-885h
NG-114a,NG-114a
NG-114b,NG-114b
NG-114c,NG-114c
NG-114d,NG-114d
NG-114e,NG-114e
NG-114f,NG-114f
NG-114g,NG-114g
NG-114h,NG-114h
NG-114i,NG-114i
NG-164a,NG-164a
NG-164b,NG-164b
NG-164c,NG-164c
NG-164d,NG-164d
NG-164e,NG-164e
NG-164f,NG-164f
NG-164g,NG-164g
NG-246a,NG-246a
NG-246b,NG-246b
NG-246c,NG-246c
NG-246d,NG-246d
NG-246e,NG-246e
NG-246f,NG-246f
NG-246g,NG-246g
NG-574a,NG-574a
NG-574b,NG-574b
NG-848a,NG-848a
NG-848b,NG-848b
NG-848c,NG-848c
NG-848d,NG-848d
NG-848e,NG-848e
NH-000a,NH-000a
NH-000b,NH-000b
NH-000c,NH-000c
NH-000d,NH-000d
NH-000e,NH-000e
NH-000f,NH-000f
NH-000g,NH-000g
NH-000h,NH-000h
NH-000i,NH-000i
NH-000j,NH-000j
NH-555a,NH-555a
NH-555b,NH-555b
NH-555c,NH-555c
NH-555d,NH-555d
NH-555e,NH-555e
NH-555f,NH-555f
NH-555g,NH-555g
NH-555h,NH-555h
NH-555i,NH-555i
NH-555j,NH-555j
NH-565a,NH-565a
NH-565b,NH-565b
NH-565c,NH-565c
NH-565d,NH-565d
NH-565e,NH-565e
NH-565f,NH-565f
NH-565g,NH-565g
NH-613a,NH-613a
NH-613b,NH-613b
NH-613c,NH-613c
NH-613d,NH-613d
NH-613e,NH-613e
NH-613f,NH-613f
NH-613g,NH-613g
NH-613h,NH-613h
NJ-094a,NJ-094a
NJ-094b,NJ-094b
NJ-094c,NJ-094c
NJ-094d,NJ-094d
NJ-094e,NJ-094e
NJ-094f,NJ-094f
NJ-094g,NJ-094g
NJ-215a,NJ-215a
NJ-215b,NJ-215b
NJ-215c,NJ-215c
NJ-215d,NJ-215d
NJ-215e,NJ-215e
NJ-215f,NJ-215f
NJ-257a,NJ-257a
NJ-257b,NJ-257b
NJ-257c,NJ-257c
NJ-257d,NJ-257d
NJ-257e,NJ-257e
NJ-257f,NJ-257f
NJ-257g,NJ-257g
NJ-325a,NJ-325a
NJ-325b,NJ-325b
NJ-325c,NJ-325c
NJ-325d,NJ-325d
NJ-325e,NJ-325e
NJ-325f,NJ-325f
NJ-325g,NJ-325g
NJ-325h,NJ-325h
NJ-325i,NJ-325i
NJ-325j,NJ-325j
NJ-438a,NJ-438a
NJ-438b,NJ-438b
NJ-438c,NJ-438c
NJ-438d,NJ-438d
NJ-438e,NJ-438e
NJ-438f,NJ-438f
NJ-438g,NJ-438g
NJ-553a,NJ-553a
NJ-553b,NJ-553b
NJ-553c,NJ-553c
NJ-553d,NJ-553d
NJ-553e,NJ-553e
NJ-553f,NJ-553f
NJ-553g,NJ-553g
NJ-553h,NJ-553h
NJ-605a,NJ-605a
NJ-605b,NJ-605b
NJ-605c,NJ-605c
NJ-605d,NJ-605d
NJ-605e,NJ-605e
NJ-605f,NJ-605f
NJ-874a,NJ-874a
NJ-874b,NJ-874b
NJ-874c,NJ-874c
NJ-874d,NJ-874d
NJ-874e,NJ-874e
NJ-874f,NJ-874f
NL-044a,NL-044a
NL-044b,NL-044b
NL-044c,NL-044c
NL-044d,NL-044d
NL-044e,NL-044e
NL-044f,NL-044f
NL-044g,NL-044g
NL-044h,NL-044h
NL-044i,NL-044i
NL-506a,NL-506a
NL-506b,NL-506b
NL-506c,NL-506c
NL-506d,NL-506d
NL-506e,NL-506e
NL-506f,NL-506f
NL-506g,NL-506g
NL-534a,NL-534a
NL-534b,NL-534b
NL-534c,NL-534c
NL-534d,NL-534d
NL-534e,NL-534e
NL-534f,NL-534f
NL-534g,NL-534g
NL-534h,NL-534h
NL-743a,NL-743a
NL-743b,NL-743b
NL-743c,NL-743c
NL-743d,NL-743d
NL-743e,NL-743e
NL-743f,NL-743f
NL-881a,NL-881a
NL-881b,NL-881b
NL-881c,NL-881c
NL-881d,NL-881d
NL-881e,NL-881e
NL-881f,NL-881f
NL-983a,NL-983a
NL-983b,NL-983b
NL-983c,NL-983c
NL-983d,NL-983d
NL-983e,NL-983e
NL-983f,NL-983f
NL-983g,NL-983g
OE-073a,OE-073a
OE-073b,OE-073b
OE-073c,OE-073c
OE-073d,OE-073d
OE-462a,OE-462a
OE-462b,OE-462b
OE-462c,OE-462c
OE-462d,OE-462d
OE-462e,OE-462e
OE-462f,OE-462f
OE-462g,OE-462g
OE-462h,OE-462h
OE-462i,OE-462i
OE-563a,OE-563a
OE-563b,OE-563b
OE-563c,OE-563c
OE-563d,OE-563d
OE-563e,OE-563e
OE-563f,OE-563f
OE-563g,OE-563g
OE-563h,OE-563h
OE-563i,OE-563i
OE-563j,OE-563j
OE-568a,OE-568a
OE-568b,OE-568b
OE-568c,OE-568c
OE-568d,OE-568d
OE-568e,OE-568e
OE-568f,OE-568f
OE-568g,OE-568g
OE-568h,OE-568h
OE-568i,OE-568i
OE-568j,OE-568j
OF-098a,OF-098a
OF-098b,OF-098b
OF-098c,OF-098c
OF-098d,OF-098d
OF-098e,OF-098e
OF-098f,OF-098f
OF-098g,OF-098g
OF-098h,OF-098h
OF-185a,OF-185a
OF-185b,OF-185b
OF-185c,OF-185c
OF-185d,OF-185d
OF-185e,OF-185e
OF-185f,OF-185f
OF-185g,OF-185g
OF-185h,OF-185h
OF-208a,OF-208a
OF-208b,OF-208b
OF-208c,OF-208c
OF-208d,OF-208d
OF-208e,OF-208e
OF-208f,OF-208f
OF-208g,OF-208g
OF-259a,OF-259a
OF-259b,OF-259b
OF-259c,OF-259c
OF-259d,Jura
OF-259e,OF-259e
OF-259f,OF-259f
OF-363a,OF-363a
OF-363b,OF-363b
OF-363c,OF-363c
OF-363d,OF-363d
OF-363e,OF-363e
OF-375a,OF-375a
OF-375b,Berthier
OF-375c,OF-375c
OF-375d,OF-375d
OF-375e,OF-375e
OF-375f,OF-375f
OF-375g,OF-375g
OF-443a,OF-443a
OF-443b,OF-443b
OF-443c,OF-443c
OF-443d,OF-443d
OF-504a,OF-504a
OF-504b,OF-504b
OF-504c,OF-504c
OF-504d,OF-504d
OF-504e,OF-504e
OF-504f,OF-504f
OF-504g,OF-504g
OF-504h,OF-504h
OF-504i,OF-504i
OF-552a,OF-552a
OF-552b,OF-552b
OF-552c,OF-552c
OF-552d,OF-552d
OF-552e,OF-552e
OF-552f,OF-552f
OF-552g,OF-552g
OF-586a,OF-586a
OF-586b,OF-586b
OF-586c,OF-586c
OF-586d,OF-586d
OF-586e,OF-586e
OF-586f,OF-586f
OF-732a,OF-732a
OF-732b,OF-732b
OF-732c,OF-732c
OF-732d,OF-732d
OF-732e,OF-732e
OF-732f,OF-732f
OF-732g,OF-732g
OF-883a,OF-883a
OF-883b,OF-883b
OF-883c,OF-883c
OF-883d,OF-883d
OF-883e,OF-883e
OF-883f,OF-883f
OF-883g,OF-883g
OF-935a,OF-935a
OF-935b,OF-935b
OF-935c,OF-935c
OF-935d,OF-935d
OP-248a,OP-248a
OP-248b,OP-248b
OP-248c,OP-248c
OP-248d,OP-248d
OP-248e,OP-248e
OP-418a,OP-418a
OP-418b,OP-418b
OP-533a,OP-533a
OP-533b,OP-533b
OP-533c,OP-533c
OP-533d,OP-533d
OP-533e,OP-533e
OP-533f,OP-533f
OP-533g,OP-533g
OP-630a,OP-630a
OP-630b,OP-630b
OP-630c,OP-630c
OP-630d,OP-630d
OP-649a,OP-649a
OP-649b,OP-649b
OP-649c,OP-649c
OP-649d,OP-649d
OP-649e,OP-649e
OP-649f,OP-649f
OP-649g,OP-649g
OP-802a,OP-802a
OP-802b,OP-802b
OP-802c,OP-802c
OP-802d,OP-802d
OP-802e,OP-802e
OP-802f,OP-802f
OP-802g,OP-802g
OP-964a,OP-964a
OP-964b,OP-964b
OP-964c,OP-964c
OP-964d,OP-964d
OP-964e,OP-964e
OS-053a,OS-053a
OS-053b,OS-053b
OS-053c,OS-053c
OS-053d,OS-053d
OS-053e,OS-053e
OS-057a,OS-057a
OS-057b,OS-057b
OS-057c,OS-057c
OS-057d,OS-057d
OS-057e,OS-057e
OS-099a,OS-099a
OS-099b,OS-099b
OS-099c,OS-099c
OS-099d,OS-099d
OS-099e,OS-099e
OS-189a,OS-189a
OS-189b,OS-189b
OS-189c,OS-189c
OS-189d,OS-189d
OS-189e,OS-189e
OS-209a,OS-209a
OS-209b,OS-209b
OS-209c,OS-209c
OS-209d,OS-209d
OS-209e,OS-209e
OS-209f,OS-209f
OS-209g,OS-209g
OS-209h,OS-209h
OS-416a,OS-416a
OS-416b,OS-416b
OS-416c,OS-416c
OS-416d,OS-416d
OS-416e,OS-416e
OS-456a,OS-456a
OS-456b,OS-456b
OS-456c,OS-456c
OS-456d,OS-456d
OS-476a,OS-476a
OS-476b,OS-476b
OS-476c,OS-476c
OS-476d,OS-476d
OS-476e,OS-476e
OS-476f,OS-476f
OS-550a,OS-550a
OS-550b,OS-550b
OS-550c,OS-550c
OS-550d,OS-550d
OS-550e,OS-550e
OS-550f,OS-550f
OS-550g,OS-550g
OS-803a,OS-803a
OS-803b,OS-803b
OS-803c,OS-803c
OS-803d,OS-803d
OS-803e,OS-803e
OS-803f,OS-803f
OS-803g,OS-803g
OS-803h,OS-803h
OS-803i,OS-803i
OS-898a,OS-898a
OS-898b,OS-898b
OS-898c,OS-898c
OS-898d,OS-898d
OS-898e,OS-898e
OT-113a,OT-113a
OT-113b,OT-113b
OT-113c,OT-113c
OT-113d,OT-113d
OT-113e,OT-113e
OT-113f,OT-113f
OT-113g,OT-113g
OT-113h,OT-113h
OT-113i,OT-113i
OT-115a,OT-115a
OT-115b,OT-115b
OT-115c,OT-115c
OT-115d,OT-115d
OT-364a,OT-364a
OT-364b,OT-364b
OT-364c,OT-364c
OT-364d,OT-364d
OT-364e,OT-364e
OT-364f,OT-364f
OT-364g,OT-364g
OT-442a,OT-442a
OT-442b,Danakil
OT-442c,OT-442c
OT-442d,OT-442d
OT-442e,OT-442e
OT-442f,OT-442f
OT-442g,OT-442g
OT-442h,OT-442h
OT-442i,OT-442i
OT-580a,Iiron
OT-580b,Montem
OT-580c,Vallis
OT-580d,Pallada
OT-580e,OT-580e
OT-627a,OT-627a
OT-627b,OT-627b
OT-627c,OT-627c
OT-627d,OT-627d
OT-627e,OT-627e
OT-680a,OT-680a
OT-680b,OT-680b
OT-680c,OT-680c
OT-680d,OT-680d
OT-680e,OT-680e
OT-680f,OT-680f
OT-680g,OT-680g
OT-680h,OT-680h
OT-680i,OT-680i
OT-823a,OT-823a
OT-823b,OT-823b
OT-823c,OT-823c
OT-823d,OT-823d
OT-823e,OT-823e
OT-823f,OT-823f
OT-823g,OT-823g
OT-889a,Prism
OT-889b,OT-889b
OT-889c,OT-889c
OT-889d,OT-889d
OT-889e,OT-889e
OT-889f,OT-889f
OT-889g,OT-889g
OY-036a,OY-036a
OY-036b,OY-036b
OY-036c,OY-036c
OY-036d,OY-036d
OY-569a,OY-569a
OY-569b,OY-569b
OY-569c,OY-569c
OY-569d,OY-569d
OY-569e,OY-569e
OY-569f,OY-569f
OY-569g,OY-569g
OY-569h,OY-569h
OY-569i,OY-569i
OY-569j,OY-569j
OY-661a,OY-661a
OY-661b,OY-661b
OY-661c,OY-661c
OY-661d,OY-661d
OY-661e,OY-661e
OY-701a,OY-701a
OY-701b,OY-701b
OY-717a,OY-717a
OY-717b,OY-717b
OY-717c,OY-717c
OY-719a,OY-719a
OY-719b,OY-719b
OY-719c,OY-719c
OY-719d,OY-719d
OY-719e,OY-719e
OY-719f,OY-719f
OY-719g,OY-719g
OY-719h,OY-719h
OY-719i,OY-719i
OY-719j,OY-719j
OY-793a,OY-793a
OY-793b,OY-793b
OY-793c,OY-793c
OY-793d,OY-793d
OY-793e,OY-793e
OY-793f,OY-793f
OY-793g,OY-793g
OY-799a,OY-799a
OY-799b,OY-799b
OY-799c,OY-799c
OY-799d,OY-799d
OY-799e,OY-799e
OY-799f,OY-799f
OY-799g,OY-799g
OZ-189a,OZ-189a
OZ-189b,OZ-189b
OZ-189c,OZ-189c
OZ-189d,OZ-189d
OZ-189e,OZ-189e
OZ-189f,OZ-189f
OZ-189g,OZ-189g
PB-132a,PB-132a
PB-132b,PB-132b
PB-132c,PB-132c
PB-132d,PB-132d
PB-132e,PB-132e
PB-132f,PB-132f
PB-296a,PB-296a
PB-296b,PB-296b
PB-296c,PB-296c
PB-296d,PB-296d
PB-296e,PB-296e
PB-296f,PB-296f
PB-519a,PB-519a
PB-519b,PB-519b
PB-519c,PB-519c
PB-519d,PB-519d
PB-673a,PB-673a
PB-673b,PB-673b
PB-673c,PB-673c
PB-673d,PB-673d
PB-673e,PB-673e
PB-673f,PB-673f
PB-951a,PB-951a
PB-951b,PB-951b
PB-951c,PB-951c
PB-951d,PB-951d
PB-951e,PB-951e
PB-951f,PB-951f
PB-951g,PB-951g
PB-951h,PB-951h
PB-951i,PB-951i
PB-994a,PB-994a
PB-994b,PB-994b
PB-994c,PB-994c
PB-994d,PB-994d
PB-994e,PB-994e
PB-994f,PB-994f
PB-994g,PB-994g
PB-994h,PB-994h
PD-175a,PD-175a
PD-175b,PD-175b
PD-175c,PD-175c
PD-175d,PD-175d
PD-175e,PD-175e
PD-175f,PD-175f
PD-175g,PD-175g
PD-518a,PD-518a
PD-518b,PD-518b
PD-518c,PD-518c
PD-518d,PD-518d
PD-518e,PD-518e
PD-518f,PD-518f
PD-518g,PD-518g
PD-518h,PD-518h
PD-718a,PD-718a
PD-718b,PD-718b
PD-718c,PD-718c
PD-718d,PD-718d
PD-718e,PD-718e
PD-718f,PD-718f
PD-754a,PD-754a
PD-754b,PD-754b
PD-754c,PD-754c
PD-754d,PD-754d
PD-754e,PD-754e
PD-754f,PD-754f
PD-754g,PD-754g
PD-754h,PD-754h
PG-027a,PG-027a
PG-027b,PG-027b
PG-027c,PG-027c
PG-027d,PG-027d
PG-027e,PG-027e
PG-027f,PG-027f
PG-241a,PG-241a
PG-241b,PG-241b
PG-241c,PG-241c
PG-241d,PG-241d
PG-241e,PG-241e
PG-241f,PG-241f
PG-241g,PG-241g
PG-241h,PG-241h
PG-241i,PG-241i
PG-502a,PG-502a
PG-502b,PG-502b
PG-502c,PG-502c
PG-502d,PG-502d
PG-502e,PG-502e
PG-502f,PG-502f
PG-502g,PG-502g
PG-710a,PG-710a
PG-710b,PG-710b
PG-710c,PG-710c
PG-710d,PG-710d
PG-710e,PG-710e
PG-710f,PG-710f
PG-710g,PG-710g
PG-899a,PG-899a
PG-899b,Saladin
PG-899c,PG-899c
PG-899d,PG-899d
PG-899e,PG-899e
PG-971a,PG-971a
PG-971b,PG-971b
PG-971c,PG-971c
PG-971d,PG-971d
PG-971e,PG-971e
PG-971f,PG-971f
PG-971g,PG-971g
PG-971h,PG-971h
PG-971i,PG-971i
PG-973a,PG-973a
PG-973b,PG-973b
PG-973c,PG-973c
PG-973d,PG-973d
PG-973e,PG-973e
PG-973f,PG-973f
PG-973g,PG-973g
QF-497a,QF-497a
QF-497b,QF-497b
QF-497c,QF-497c
QF-497d,QF-497d
QF-497e,QF-497e
QF-497f,QF-497f
QF-564a,QF-564a
QF-564b,QF-564b
QF-564c,QF-564c
QF-564d,QF-564d
QF-564e,QF-564e
QF-564f,QF-564f
QF-564g,QF-564g
QF-755a,QF-755a
QF-755b,QF-755b
QF-755c,QF-755c
QF-755d,QF-755d
QF-757a,QF-757a
QF-757b,QF-757b
QF-757c,QF-757c
QF-757d,QF-757d
QF-757e,QF-757e
QF-757f,QF-757f
QF-757g,QF-757g
QF-757h,QF-757h
QF-757i,QF-757i
QF-764a,QF-764a
QF-764b,QF-764b
QF-764c,QF-764c
QF-764d,QF-764d
QF-764e,QF-764e
QF-804a,QF-804a
QF-804b,QF-804b
QF-804c,QF-804c
QF-804d,QF-804d
QF-804e,QF-804e
QF-899a,QF-899a
QF-899b,QF-899b
QF-899c,QF-899c
QF-899d,QF-899d
QF-899e,QF-899e
QF-899f,QF-899f
QF-899g,QF-899g
QF-899h,QF-899h
QF-930a,QF-930a
QF-930b,QF-930b
QF-930c,QF-930c
QF-930d,QF-930d
QJ-149a,QJ-149a
QJ-149b,QJ-149b
QJ-149c,Nascent
QJ-149d,QJ-149d
QJ-149e,QJ-149e
QJ-149f,QJ-149f
QJ-149g,QJ-149g
QJ-382a,QJ-382a
QJ-382b,QJ-382b
QJ-382c,QJ-382c
QJ-382d,QJ-382d
QJ-382e,QJ-382e
QJ-382f,QJ-382f
QJ-382g,QJ-382g
QJ-382h,QJ-382h
QJ-382i,QJ-382i
QJ-650a,QJ-650a
QJ-650b,QJ-650b
QJ-650c,QJ-650c
QJ-650d,QJ-650d
QJ-684a,QJ-684a
QJ-684b,Aceland
QJ-684c,QJ-684c
QJ-684d,QJ-684d
QJ-684e,QJ-684e
QJ-684f,QJ-684f
QQ-001a,QQ-001a
QQ-001b,Circe
QQ-001c,QQ-001c
QQ-001d,QQ-001d
QQ-033a,QQ-033a
QQ-033b,QQ-033b
QQ-033c,QQ-033c
QQ-033d,QQ-033d
QQ-033e,QQ-033e
QQ-033f,QQ-033f
QQ-033g,QQ-033g
QQ-082a,QQ-082a
QQ-082b,QQ-082b
QQ-082c,QQ-082c
QQ-082d,QQ-082d
QQ-082e,QQ-082e
QQ-082f,QQ-082f
QQ-645a,QQ-645a
QQ-645b,Celebdil
QQ-645c,QQ-645c
QQ-645d,QQ-645d
QQ-645e,QQ-645e
QQ-786a,QQ-786a
QQ-786b,QQ-786b
QQ-786c,QQ-786c
QQ-786d,QQ-786d
QR-119a,QR-119a
QR-119b,QR-119b
QR-119c,QR-119c
QR-119d,QR-119d
QR-119e,QR-119e
QR-119f,QR-119f
QR-166a,QR-166a
QR-166b,QR-166b
QR-166c,QR-166c
QR-166d,QR-166d
QR-166e,QR-166e
QR-220a,QR-220a
QR-220b,QR-220b
QR-220c,QR-220c
QR-220d,QR-220d
QR-220e,QR-220e
QR-220f,QR-220f
QR-220g,QR-220g
QR-646a,QR-646a
QR-646b,QR-646b
QR-646c,QR-646c
QR-646d,QR-646d
QR-646e,QR-646e
QR-646f,QR-646f
QR-646g,QR-646g
QR-646h,QR-646h
QR-646i,QR-646i
QR-697a,QR-697a
QR-697b,QR-697b
QR-697c,QR-697c
QR-697d,QR-697d
QR-697e,QR-697e
QR-697f,QR-697f
QR-971a,QR-971a
QR-971b,QR-971b
QR-971c,QR-971c
QR-971d,QR-971d
QR-971e,QR-971e
QR-971f,QR-971f
QV-164a,QV-164a
QV-164b,QV-164b
QV-164c,QV-164c
QV-164d,QV-164d
QV-164e,QV-164e
QV-164f,QV-164f
QV-164g,QV-164g
QV-164h,QV-164h
QV-257a,QV-257a
QV-257b,QV-257b
QV-266a,QV-266a
QV-266b,QV-266b
QV-266c,QV-266c
QV-266d,QV-266d
QV-266e,QV-266e
QV-266f,QV-266f
QV-266g,QV-266g
QV-312a,QV-312a
QV-312b,QV-312b
QV-312c,QV-312c
QV-312d,QV-312d
QV-312e,QV-312e
QV-420a,QV-420a
QV-420b,QV-420b
QV-420c,QV-420c
QV-695a,QV-695a
QV-695b,QV-695b
QV-695c,QV-695c
QV-695d,QV-695d
QV-695e,QV-695e
QV-695f,QV-695f
QV-695g,QV-695g
QV-783a,QV-783a
QV-783b,QV-783b
QV-783c,QV-783c
QV-783d,QV-783d
QV-783e,QV-783e
QV-865a,QV-865a
QV-865b,QV-865b
QV-865c,QV-865c
QV-865d,QV-865d
QV-865e,QV-865e
QV-865f,QV-865f
RC-040a,RC-040a
RC-040b,Malahat
RC-040c,Ironforge
RC-040d,RC-040d
RC-040e,RC-040e
RC-040f,RC-040f
RC-040g,RC-040g
RC-323a,RC-323a
RC-323b,RC-323b
RC-323c,RC-323c
RC-639a,RC-639a
RC-639b,RC-639b
RC-639c,RC-639c
RC-639d,RC-639d
RC-639e,RC-639e
RC-639f,RC-639f
RC-659a,RC-659a
RC-659b,RC-659b
RC-659c,RC-659c
RC-659d,RC-659d
RC-659e,RC-659e
RC-659f,RC-659f
RC-659g,RC-659g
RC-668a,RC-668a
RC-668b,RC-668b
RC-668c,RC-668c
RC-668d,RC-668d
RC-668e,RC-668e
RC-668f,RC-668f
RC-668g,RC-668g
RC-668h,RC-668h
RC-796a,RC-796a
RC-796b,RC-796b
RC-796c,RC-796c
RC-796d,RC-796d
RC-796e,RC-796e
RC-796f,RC-796f
RC-796g,RC-796g
RC-796h,RC-796h
RC-944a,RC-944a
RC-944b,RC-944b
RC-944c,RC-944c
RC-944d,RC-944d
RC-944e,RC-944e
RC-944f,RC-944f
RC-944g,RC-944g
RG-716a,RG-716a
RG-716b,RG-716b
RG-716c,RG-716c
RG-716d,RG-716d
RG-716e,RG-716e
RV-084a,RV-084a
RV-084b,RV-084b
RV-084c,RV-084c
RV-084d,RV-084d
RV-084e,RV-084e
RV-084f,RV-084f
RV-084g,RV-084g
RV-084h,RV-084h
RV-084i,RV-084i
RV-188a,RV-188a
RV-188b,RV-188b
RV-188c,RV-188c
RV-188d,RV-188d
RV-188e,RV-188e
RV-276a,RV-276a
RV-276b,RV-276b
RV-276c,RV-276c
RV-276d,RV-276d
RV-276e,RV-276e
RV-276f,RV-276f
RV-276g,RV-276g
RV-854a,RV-854a
RV-854b,RV-854b
RV-854c,RV-854c
RV-854d,RV-854d
RV-854e,RV-854e
RY-305a,RY-305a
RY-305b,RY-305b
RY-305c,RY-305c
RY-305d,RY-305d
RY-305e,RY-305e
RY-305f,RY-305f
RY-305g,RY-305g
RY-780a,RY-780a
RY-780b,RY-780b
RY-780c,RY-780c
RY-780d,RY-780d
RY-780e,RY-780e
RY-780f,RY-780f
RY-780g,RY-780g
RY-780h,RY-780h
RY-780i,RY-780i
RY-853a,RY-853a
RY-853b,RY-853b
RY-853c,RY-853c
RY-853d,RY-853d
RY-853e,RY-853e
RY-853f,RY-853f
RY-853g,RY-853g
RY-853h,RY-853h
RY-853i,RY-853i
RY-872a,RY-872a
RY-872b,RY-872b
RY-872c,RY-872c
RY-872d,RY-872d
SB-838a,SB-838a
SB-838b,SB-838b
SB-838c,SB-838c
SE-052a,SE-052a
SE-052b,SE-052b
SE-052c,SE-052c
SE-052d,SE-052d
SE-052e,SE-052e
SE-052f,SE-052f
SE-110a,SE-110a
SE-110b,SE-110b
SE-110c,Ice Station Alpha
SE-110d,SE-110d
SE-110e,SE-110e
SE-110f,SE-110f
SE-648a,SE-648a
SE-648b,SE-648b
SE-648c,SE-648c
SE-648d,SE-648d
SE-648e,SE-648e
SE-751a,SE-751a
SE-751b,SE-751b
SE-866a,SE-866a
SE-866b,SE-866b
SE-866c,SE-866c
SE-866d,SE-866d
SE-866e,SE-866e
SE-866f,SE-866f
SG-135a,SG-135a
SG-135b,SG-135b
SG-135c,SG-135c
SG-135d,SG-135d
SG-135e,SG-135e
SG-135f,SG-135f
SG-135g,SG-135g
SG-195a,SG-195a
SG-195b,SG-195b
SG-195c,SG-195c
SG-779a,SG-779a
SG-779b,SG-779b
SG-779c,SG-779c
SG-779d,SG-779d
SG-779e,SG-779e
SG-779f,SG-779f
SG-779g,SG-779g
SG-875a,SG-875a
SG-875b,SG-875b
SG-875c,SG-875c
SG-875d,SG-875d
SG-928a,SG-928a
SG-928b,SG-928b
SG-928c,SG-928c
SG-928d,SG-928d
SG-928e,SG-928e
SG-928f,SG-928f
SG-928g,SG-928g
SG-928h,SG-928h
SG-928i,SG-928i
SL-006a,SL-006a
SL-006b,SL-006b
SL-006c,SL-006c
SL-006d,SL-006d
SL-006e,SL-006e
SL-027a,SL-027a
SL-027b,SL-027b
SL-027c,SL-027c
SL-027d,SL-027d
SL-027e,SL-027e
SL-027f,SL-027f
SL-132a,SL-132a
SL-132b,SL-132b
SL-132c,SL-132c
SL-132d,SL-132d
SL-542a,SL-542a
SL-542b,SL-542b
SL-542c,SL-542c
SL-542d,SL-542d
SL-542e,SL-542e
SL-542f,SL-542f
SL-620a,SL-620a
SL-620b,SL-620b
SL-620c,SL-620c
SL-620d,SL-620d
SL-620e,SL-620e
SL-620f,SL-620f
SL-806a,SL-806a
SO-014a,SO-014a
SO-014b,SO-014b
SO-014c,SO-014c
SO-014d,SO-014d
SO-014e,SO-014e
SO-014f,SO-014f
SO-014g,SO-014g
SO-014h,SO-014h
SO-028a,SO-028a
SO-028b,SO-028b
SO-028c,SO-028c
SO-028d,SO-028d
SO-028e,SO-028e
SO-122a,SO-122a
SO-122b,SO-122b
SO-122c,SO-122c
SO-122d,SO-122d
SO-122e,SO-122e
SO-122f,SO-122f
SO-122g,SO-122g
SO-122h,SO-122h
SO-122i,SO-122i
SO-122j,SO-122j
SO-245a,SO-245a
SO-245b,SO-245b
SO-245c,SO-245c
SO-245d,SO-245d
SO-245e,SO-245e
SO-245f,SO-245f
SO-245g,SO-245g
SO-245h,SO-245h
SO-245i,SO-245i
SO-715a,SO-715a
SO-715b,SO-715b
SO-715c,SO-715c
SO-715d,SO-715d
SO-715e,SO-715e
SO-715f,SO-715f
SO-715g,SO-715g
SO-832a,SO-832a
SO-832b,SO-832b
SO-832c,SO-832c
SO-832d,SO-832d
SO-832e,SO-832e
SO-832f,SO-832f
SO-838a,SO-838a
SO-838b,SO-838b
SO-838c,SO-838c
SO-838d,SO-838d
SO-838e,SO-838e
SO-838f,SO-838f
SO-838g,SO-838g
SO-838h,SO-838h
SO-838i,SO-838i
SO-838j,SO-838j
SO-953a,SO-953a
SO-953b,SO-953b
SO-953c,SO-953c
SO-953d,SO-953d
SO-953e,SO-953e
SO-953f,SO-953f
SO-953g,SO-953g
SO-953h,SO-953h
SO-953i,SO-953i
SO-953j,SO-953j
TD-152a,TD-152a
TD-152b,TD-152b
TD-152c,TD-152c
TD-152d,TD-152d
TD-152e,TD-152e
TD-152f,TD-152f
TD-152g,TD-152g
TD-203a,TD-203a
TD-203b,Sheol
TD-203c,TD-203c
TD-203d,TD-203d
TD-203e,TD-203e
TD-203f,TD-203f
TD-203g,TD-203g
TD-203h,TD-203h
TD-228a,TD-228a
TD-228b,Rhazes
TD-228c,TD-228c
TD-228d,TD-228d
TD-228e,TD-228e
TD-260a,TD-260a
TD-260b,TD-260b
TD-260c,TD-260c
TD-260d,TD-260d
TD-260e,TD-260e
TD-260f,TD-260f
TD-260g,TD-260g
TD-260h,TD-260h
TD-260i,TD-260i
TD-298a,TD-298a
TD-298b,TD-298b
TD-298c,TD-298c
TD-298d,TD-298d
TD-298e,TD-298e
TD-298f,TD-298f
TD-331a,TD-331a
TD-331b,TD-331b
TD-331c,TD-331c
TD-331d,TD-331d
TD-331e,TD-331e
TD-552a,TD-552a
TD-552b,TD-552b
TD-552c,TD-552c
TD-552d,TD-552d
TD-552e,TD-552e
TD-552f,TD-552f
TD-552g,TD-552g
TO-392a,TO-392a
TO-392b,TO-392b
TO-392c,TO-392c
TO-392d,TO-392d
TO-392e,TO-392e
TO-392f,TO-392f
TO-392g,TO-392g
TO-392h,TO-392h
UB-282a,UB-282a
UB-282b,UB-282b
UB-282c,UB-282c
UB-282d,UB-282d
UB-282e,UB-282e
UB-282f,UB-282f
UB-282g,UB-282g
UB-282h,UB-282h
UB-282i,UB-282i
UB-282j,UB-282j
UB-402a,UB-402a
UB-402b,UB-402b
UB-402c,UB-402c
UB-402d,UB-402d
UB-402e,UB-402e
UB-402f,UB-402f
UB-402g,UB-402g
UB-402h,UB-402h
UB-402i,UB-402i
UB-402j,UB-402j
UB-557a,UB-557a
UB-557b,UB-557b
UB-557c,UB-557c
UB-557d,UB-557d
UB-557e,UB-557e
UB-808a,UB-808a
UB-808b,UB-808b
UB-808c,UB-808c
UB-808d,UB-808d
UB-808e,UB-808e
UB-808f,UB-808f
UB-808g,UB-808g
UB-860a,UB-860a
UB-860b,UB-860b
UB-860c,UB-860c
UB-860d,UB-860d
UB-860e,UB-860e
UB-860f,UB-860f
UP-102a,UP-102a
UP-102b,UP-102b
UP-102c,UP-102c
UP-102d,UP-102d
UP-102e,UP-102e
UP-170a,UP-170a
UP-170b,UP-170b
UP-170c,UP-170c
UP-170d,UP-170d
UP-170e,UP-170e
UP-170f,UP-170f
UP-305a,UP-305a
UP-305b,UP-305b
UP-305c,UP-305c
UP-305d,UP-305d
UP-305e,UP-305e
UP-305f,UP-305f
UP-305g,UP-305g
UP-462a,UP-462a
UP-462b,UP-462b
UP-462c,UP-462c
UP-462d,UP-462d
UP-462e,UP-462e
UP-462f,UP-462f
UP-462g,UP-462g
UP-462h,UP-462h
UP-462i,UP-462i
UP-573a,UP-573a
UP-573b,UP-573b
UP-573c,UP-573c
UP-972a,UP-972a
UP-972b,UP-972b
UP-972c,UP-972c
UP-972d,UP-972d
UP-972e,UP-972e
UP-972f,UP-972f
UP-972g,UP-972g
UQ-010a,UQ-010a
UQ-010b,UQ-010b
UQ-010c,UQ-010c
UQ-010d,UQ-010d
UQ-194a,UQ-194a
UQ-194b,UQ-194b
UQ-194c,UQ-194c
UQ-328a,UQ-328a
UQ-328b,UQ-328b
UQ-328c,UQ-328c
UQ-328d,UQ-328d
UQ-328e,UQ-328e
UQ-553a,UQ-553a
UQ-553b,UQ-553b
UQ-553c,UQ-553c
UQ-553d,UQ-553d
UQ-553e,UQ-553e
UQ-553f,UQ-553f
UQ-807a,UQ-807a
UQ-807b,UQ-807b
UQ-807c,UQ-807c
UQ-875a,UQ-875a
UQ-875b,UQ-875b
UQ-875c,UQ-875c
UQ-875d,UQ-875d
UQ-875e,UQ-875e
UQ-875f,UQ-875f
UQ-875g,UQ-875g
UQ-965a,UQ-965a
UQ-965b,UQ-965b
UQ-965c,UQ-965c
UQ-965d,UQ-965d
UQ-965e,UQ-965e
UQ-965f,UQ-965f
UQ-965g,UQ-965g
UQ-965h,UQ-965h
UQ-965i,UQ-965i
UQ-965j,UQ-965j
UV-062a,UV-062a
UV-062b,UV-062b
UV-062c,UV-062c
UV-062d,UV-062d
UV-062e,UV-062e
UV-062f,UV-062f
UV-062g,UV-062g
UV-062h,UV-062h
UV-072a,UV-072a
UV-072b,UV-072b
UV-072c,Asbestos Lead Asbestos
UV-072d,UV-072d
UV-072e,UV-072e
UV-072f,UV-072f
UV-135a,UV-135a
UV-135b,UV-135b
UV-135c,UV-135c
UV-135d,UV-135d
UV-234a,UV-234a
UV-234b,UV-234b
UV-234c,UV-234c
UV-234d,UV-234d
UV-234e,UV-234e
UV-234f,UV-234f
UV-234g,UV-234g
UV-351a,Katoa
UV-351b,Yannick
UV-351c,Umbra
UV-351d,Biogenesis
UV-351e,UV-351e
UV-795a,UV-795a
UV-795b,UV-795b
UV-795c,UV-795c
UV-795d,UV-795d
UV-795e,UV-795e
UV-795f,UV-795f
UV-795g,UV-795g
UV-795h,UV-795h
UV-795i,UV-795i
UV-796a,UV-796a
UV-796b,Proxion
UV-796c,UV-796c
UV-796d,UV-796d
UV-796e,UV-796e
UV-796f,UV-796f
UX-357a,UX-357a
UX-357b,UX-357b
UX-357c,UX-357c
UX-357d,UX-357d
UX-357e,UX-357e
UX-357f,UX-357f
UX-357g,UX-357g
UX-357h,UX-357h
UX-357i,UX-357i
UX-617a,UX-617a
UX-617b,UX-617b
UX-617c,UX-617c
UX-617d,UX-617d
UX-617e,UX-617e
UX-617f,UX-617f
UX-617g,UX-617g
UX-674a,UX-674a
UX-674b,UX-674b
UX-674c,UX-674c
UX-674d,UX-674d
UX-674e,UX-674e
UX-674f,UX-674f
UX-674g,UX-674g
UX-674h,UX-674h
UX-674i,UX-674i
UX-755a,UX-755a
UX-755b,UX-755b
UX-755c,UX-755c
UX-755d,UX-755d
UX-755e,UX-755e
UX-755f,UX-755f
UX-755g,UX-755g
UX-974a,UX-974a
UX-974b,UX-974b
UX-974c,UX-974c
UX-974d,UX-974d
UX-974e,UX-974e
UX-974f,UX-974f
UY-408a,UY-408a
UY-408b,UY-408b
UY-408c,UY-408c
UY-408d,UY-408d
UY-408e,UY-408e
UY-408f,UY-408f
VB-030a,VB-030a
VB-030b,VB-030b
VB-030c,VB-030c
VB-030d,VB-030d
VB-030e,VB-030e
VB-292a,VB-292a
VB-292b,VB-292b
VB-292c,VB-292c
VB-292d,VB-292d
VB-292e,VB-292e
VB-292f,VB-292f
VB-292g,VB-292g
VB-340a,VB-340a
VB-340b,VB-340b
VB-340c,VB-340c
VB-340d,VB-340d
VB-340e,VB-340e
VB-340f,VB-340f
VB-340g,VB-340g
VB-576a,VB-576a
VB-576b,VB-576b
VB-576c,VB-576c
VB-576d,VB-576d
VB-576e,VB-576e
VB-576f,VB-576f
VB-576g,VB-576g
VH-043a,VH-043a
VH-043b,VH-043b
VH-043c,VH-043c
VH-043d,VH-043d
VH-043e,VH-043e
VH-043f,VH-043f
VH-043g,VH-043g
VH-192a,VH-192a
VH-192b,VH-192b
VH-192c,VH-192c
VH-192d,VH-192d
VH-192e,VH-192e
VH-241a,VH-241a
VH-241b,VH-241b
VH-241c,VH-241c
VH-241d,VH-241d
VH-241e,VH-241e
VH-331a,Promitor
VH-331b,VH-331b
VH-331c,VH-331c
VH-331d,Helion Prime
VH-331e,VH-331e
VH-331f,Odysseus
VH-331g,Avalon
VH-331h,VH-331h
VH-331i,Hydron
VH-331j,VH-331j
VH-503a,VH-503a
VH-503b,VH-503b
VH-503c,VH-503c
VH-503d,VH-503d
VH-503e,VH-503e
VH-778a,VH-778a
VH-778b,VH-778b
VH-778c,VH-778c
VH-778d,VH-778d
VH-778e,VH-778e
VH-778f,VH-778f
VH-874a,VH-874a
VH-874b,VH-874b
VH-874c,VH-874c
VH-874d,VH-874d
VH-874e,VH-874e
VI-001a,VI-001a
VI-001b,VI-001b
VI-001c,VI-001c
VI-001d,VI-001d
VI-001e,VI-001e
VI-001f,VI-001f
VI-001g,VI-001g
VI-001h,VI-001h
VI-001i,VI-001i
VI-270a,VI-270a
VI-270b,VI-270b
VI-270c,VI-270c
VI-270d,VI-270d
VI-270e,VI-270e
VI-291a,VI-291a
VI-291b,VI-291b
VI-291c,VI-291c
VI-291d,VI-291d
VI-291e,VI-291e
VI-291f,VI-291f
VI-429a,VI-429a
VI-429b,VI-429b
VI-429c,VI-429c
VI-429d,VI-429d
VI-429e,VI-429e
VI-429f,VI-429f
VV-980a,VV-980a
VV-980b,VV-980b
VV-980c,VV-980c
VV-980d,VV-980d
VV-980e,VV-980e
VV-980f,VV-980f
WB-501a,WB-501a
WB-501b,WB-501b
WB-501c,WB-501c
WB-501d,WB-501d
WB-675a,WB-675a
WB-675b,WB-675b
WB-675c,WB-675c
WB-675d,WB-675d
WB-675e,WB-675e
WB-675f,WB-675f
WB-675g,WB-675g
WB-675h,WB-675h
WB-675i,WB-675i
WB-947a,WB-947a
WB-947b,WB-947b
WB-947c,WB-947c
WB-947d,WB-947d
WB-947e,WB-947e
WB-947f,WB-947f
WB-947g,WB-947g
WB-947h,WB-947h
WB-947i,WB-947i
WB-948a,WB-948a
WB-948b,WB-948b
WB-948c,WB-948c
WB-948d,WB-948d
WB-948e,WB-948e
WB-948f,WB-948f
WC-299a,WC-299a
WC-299b,WC-299b
WC-299c,WC-299c
WC-299d,WC-299d
WC-299e,WC-299e
WC-299f,WC-299f
WC-299g,WC-299g
WC-299h,WC-299h
WC-299i,WC-299i
WC-702a,WC-702a
WC-702b,Mimar
WC-702c,WC-702c
WC-702d,WC-702d
WC-702e,WC-702e
WC-702f,WC-702f
WC-702g,WC-702g
WC-702h,WC-702h
WC-702i,WC-702i
WC-702j,WC-702j
WC-788a,WC-788a
WC-788b,WC-788b
WC-788c,WC-788c
WC-788d,WC-788d
WC-788e,WC-788e
WC-803a,WC-803a
WC-803b,WC-803b
WC-803c,WC-803c
WC-803d,WC-803d
WC-803e,WC-803e
WC-803f,WC-803f
WC-803g,WC-803g
WC-803h,WC-803h
WR-186a,WR-186a
WR-186b,WR-186b
WR-186c,WR-186c
WR-186d,WR-186d
WR-186e,WR-186e
WR-453a,WR-453a
WR-453b,WR-453b
WR-453c,WR-453c
WR-453d,WR-453d
WR-453e,WR-453e
WR-453f,WR-453f
WR-453g,WR-453g
WR-530a,WR-530a
WR-530b,WR-530b
WR-530c,WR-530c
WR-530d,WR-530d
WR-530e,WR-530e
WR-530f,WR-530f
WR-667a,WR-667a
WR-667b,WR-667b
WR-667c,WR-667c
WR-681a,WR-681a
WR-681b,WR-681b
WR-681c,WR-681c
WR-681d,WR-681d
WR-681e,WR-681e
WR-681f,WR-681f
WR-681g,WR-681g
WR-709a,WR-709a
WR-709b,WR-709b
WR-709c,WR-709c
WR-709d,WR-709d
WR-709e,WR-709e
WR-709f,WR-709f
WR-709g,WR-709g
WR-709h,WR-709h
WR-709i,WR-709i
WU-013a,WU-013a
WU-013b,WU-013b
WU-013c,WU-013c
WU-013d,WU-013d
WU-013e,WU-013e
WU-013f,WU-013f
WU-013g,WU-013g
WU-070a,WU-070a
WU-070b,WU-070b
WU-070c,WU-070c
WU-070d,WU-070d
WU-070e,WU-070e
WU-070f,WU-070f
WU-070g,WU-070g
WU-070h,WU-070h
WU-070i,WU-070i
WU-308a,WU-308a
WU-308b,WU-308b
WU-308c,WU-308c
WU-308d,WU-308d
WU-308e,WU-308e
WU-504a,WU-504a
WU-504b,WU-504b
WU-504c,WU-504c
WU-882a,WU-882a
WU-882b,WU-882b
WU-882c,WU-882c
WU-882d,WU-882d
WU-882e,WU-882e
WU-882f,WU-882f
WU-882g,WU-882g
WU-882h,WU-882h
WU-882i,WU-882i
WU-882j,WU-882j
WU-974a,WU-974a
WU-974b,WU-974b
WU-974c,WU-974c
WU-974d,WU-974d
WU-974e,WU-974e
XD-005a,XD-005a
XD-005b,XD-005b
XD-005c,XD-005c
XD-005d,XD-005d
XD-005e,XD-005e
XD-005f,XD-005f
XD-005g,XD-005g
XD-005h,XD-005h
XD-027a,XD-027a
XD-027b,XD-027b
XD-027c,XD-027c
XD-027d,XD-027d
XD-027e,XD-027e
XD-027f,XD-027f
XD-027g,XD-027g
XD-055a,XD-055a
XD-055b,XD-055b
XD-055c,XD-055c
XD-055d,XD-055d
XD-055e,XD-055e
XD-055f,XD-055f
XD-311a,XD-311a
XD-311b,XD-311b
XD-311c,XD-311c
XD-311d,XD-311d
XD-311e,XD-311e
XD-354a,XD-354a
XD-354b,Magus
XD-354c,XD-354c
XD-354d,XD-354d
XD-354e,XD-354e
XD-354f,XD-354f
XD-354g,XD-354g
XD-436a,XD-436a
XD-436b,XD-436b
XD-436c,XD-436c
XD-436d,XD-436d
XD-436e,XD-436e
XD-436f,XD-436f
XD-436g,XD-436g
XD-492a,XD-492a
XD-492b,XD-492b
XD-492c,XD-492c
XD-492d,XD-492d
XD-492e,XD-492e
XD-492f,XD-492f
XD-534a,XD-534a
XD-534b,XD-534b
XD-534c,XD-534c
XD-534d,XD-534d
XD-534e,XD-534e
XD-534f,XD-534f
XD-534g,XD-534g
XG-287a,XG-287a
XG-287b,XG-287b
XG-287c,XG-287c
XG-287d,XG-287d
XG-287e,XG-287e
XG-287f,XG-287f
XG-287g,XG-287g
XG-287h,XG-287h
XG-287i,XG-287i
XG-326a,XG-326a
XG-326b,XG-326b
XG-326c,XG-326c
XG-326d,XG-326d
XG-326e,XG-326e
XG-430a,XG-430a
XG-430b,XG-430b
XG-430c,XG-430c
XG-430d,XG-430d
XG-430e,XG-430e
XG-430f,XG-430f
XG-430g,XG-430g
XG-430h,XG-430h
XG-430i,XG-430i
XG-430j,XG-430j
XG-452a,XG-452a
XG-452b,XG-452b
XG-452c,XG-452c
XG-452d,XG-452d
XG-452e,XG-452e
XG-452f,XG-452f
XG-452g,XG-452g
XG-452h,XG-452h
XG-751a,XG-751a
XG-751b,XG-751b
XG-751c,XG-751c
XG-751d,XG-751d
XH-083a,XH-083a
XH-083b,XH-083b
XH-083c,XH-083c
XH-083d,XH-083d
XH-083e,XH-083e
XH-083f,XH-083f
XH-083g,XH-083g
XH-265a,XH-265a
XH-265b,XH-265b
XH-265c,XH-265c
XH-329a,Uponor
XH-329b,XH-329b
XH-400a,XH-400a
XH-400b,XH-400b
XH-400c,XH-400c
XH-400d,XH-400d
XH-400e,XH-400e
XH-556a,XH-556a
XH-556b,XH-556b
XH-556c,XH-556c
XH-556d,XH-556d
XH-556e,XH-556e
XH-556f,XH-556f
XH-594a,Libertas
XH-594b,Kiruna
XH-594c,Cortez
XH-594d,XH-594d
XH-594e,XH-594e
XH-594f,XH-594f
XH-668a,XH-668a
XH-668b,XH-668b
XH-668c,XH-668c
XH-668d,XH-668d
XH-668e,XH-668e
XH-668f,XH-668f
XH-807a,XH-807a
XH-807b,XH-807b
XH-807c,XH-807c
XH-807d,XH-807d
XH-807e,XH-807e
XH-807f,XH-807f
XS-072a,XS-072a
XS-072b,XS-072b
XS-072c,XS-072c
XS-072d,XS-072d
XS-072e,XS-072e
XS-072f,XS-072f
XS-072g,XS-072g
XS-305a,XS-305a
XS-305b,XS-305b
XS-305c,XS-305c
XS-305d,XS-305d
XS-305e,XS-305e
XS-305f,XS-305f
XS-305g,XS-305g
XS-305h,XS-305h
XS-305i,XS-305i
XS-538a,XS-538a
XS-538b,XS-538b
XS-538c,XS-538c
XS-538d,XS-538d
XS-538e,XS-538e
XS-538f,XS-538f
XS-804a,XS-804a
XS-804b,XS-804b
XS-804c,XS-804c
XS-804d,XS-804d
XS-804e,XS-804e
XS-804f,XS-804f
XS-804g,XS-804g
XS-804h,XS-804h
XS-804i,XS-804i
XU-100a,XU-100a
XU-112a,XU-112a
XU-112b,XU-112b
XU-112c,XU-112c
XU-112d,XU-112d
XU-112e,XU-112e
XU-112f,XU-112f
XU-112g,XU-112g
XU-112h,XU-112h
XU-145a,XU-145a
XU-145b,XU-145b
XU-145c,XU-145c
XU-145d,XU-145d
XU-145e,XU-145e
XU-145f,XU-145f
XU-145g,XU-145g
XU-210a,XU-210a
XU-210b,XU-210b
XU-210c,XU-210c
XU-210d,XU-210d
XU-210e,XU-210e
XU-210f,XU-210f
XU-210g,XU-210g
XU-210h,XU-210h
XU-210i,XU-210i
XU-210j,XU-210j
XU-397a,XU-397a
XU-397b,XU-397b
XU-397c,XU-397c
XU-397d,XU-397d
XU-397e,XU-397e
XU-397f,XU-397f
XU-397g,XU-397g
XU-397h,XU-397h
XU-397i,XU-397i
XU-499a,XU-499a
XU-499b,XU-499b
XU-499c,XU-499c
XU-499d,XU-499d
XU-499e,XU-499e
XU-499f,XU-499f
XU-499g,XU-499g
XU-499h,XU-499h
XU-499i,XU-499i
XU-753a,XU-753a
XU-753b,XU-753b
XU-753c,XU-753c
XU-753d,XU-753d
XV-158a,XV-158a
XV-158b,XV-158b
XV-158c,XV-158c
XV-158d,XV-158d
XV-158e,XV-158e
XV-158f,XV-158f
XV-158g,XV-158g
XV-158h,XV-158h
XV-158i,XV-158i
XV-158j,XV-158j
XV-374a,XV-374a
XV-374b,XV-374b
XV-374c,XV-374c
XV-374d,XV-374d
XV-374e,XV-374e
XV-374f,XV-374f
XV-374g,XV-374g
XV-374h,XV-374h
XV-374i,XV-374i
XV-374j,XV-374j
XV-396a,XV-396a
XV-396b,XV-396b
XV-396c,XV-396c
XV-396d,XV-396d
XV-396e,XV-396e
XV-825a,XV-825a
XV-825b,XV-825b
XV-825c,XV-825c
XV-825d,XV-825d
XV-825e,XV-825e
XV-825f,XV-825f
XV-825g,XV-825g
XV-825h,XV-825h
XV-825i,XV-825i
XV-825j,XV-825j
XV-857a,XV-857a
XV-857b,XV-857b
XV-857c,XV-857c
XV-857d,XV-857d
XV-857e,XV-857e
XV-857f,XV-857f
XV-857g,XV-857g
YA-424a,YA-424a
YA-424b,YA-424b
YA-424c,YA-424c
YA-424d,YA-424d
YA-424e,YA-424e
YA-424f,YA-424f
YA-424g,YA-424g
YA-424h,YA-424h
YA-424i,YA-424i
YA-462a,YA-462a
YA-462b,YA-462b
YA-462c,YA-462c
YA-462d,YA-462d
YA-471a,YA-471a
YA-471b,YA-471b
YA-471c,YA-471c
YA-471d,YA-471d
YA-471e,YA-471e
YA-471f,YA-471f
YA-471g,YA-471g
YA-471h,YA-471h
YA-471i,YA-471i
YA-646a,YA-646a
YA-646b,YA-646b
YA-646c,YA-646c
YA-646d,YA-646d
YA-646e,YA-646e
YA-646f,YA-646f
YA-646g,YA-646g
YA-646h,YA-646h
YA-646i,YA-646i
YA-711a,YA-711a
YA-711b,YA-711b
YA-711c,YA-711c
YA-711d,YA-711d
YA-711e,YA-711e
YA-997a,YA-997a
YA-997b,YA-997b
YA-997c,YA-997c
YA-997d,YA-997d
YA-997e,YA-997e
YA-997f,YA-997f
YA-997g,YA-997g
YI-059a,YI-059a
YI-059b,YI-059b
YI-059c,YI-059c
YI-059d,YI-059d
YI-059e,YI-059e
YI-059f,Kub
YI-209a,YI-209a
YI-209b,YI-209b
YI-209c,YI-209c
YI-209d,YI-209d
YI-209e,YI-209e
YI-209f,YI-209f
YI-209g,YI-209g
YI-209h,Harpina
YI-209i,YI-209i
YI-209j,YI-209j
YI-265a,YI-265a
YI-265b,YI-265b
YI-265c,YI-265c
YI-265d,YI-265d
YI-265e,YI-265e
YI-265f,YI-265f
YI-265g,YI-265g
YI-265h,YI-265h
YI-265i,YI-265i
YI-265j,YI-265j
YI-280a,YI-280a
YI-280b,YI-280b
YI-280c,YI-280c
YI-280d,YI-280d
YI-280e,YI-280e
YI-280f,YI-280f
YI-280g,YI-280g
YI-280h,YI-280h
YI-280i,YI-280i
YI-280j,YI-280j
YI-552a,YI-552a
YI-552b,YI-552b
YI-552c,YI-552c
YI-552d,YI-552d
YI-683a,YI-683a
YI-683b,YI-683b
YI-683c,Arcadia
YI-683d,YI-683d
YI-683e,YI-683e
YI-683f,YI-683f
YI-683g,YI-683g
YI-683h,YI-683h
YI-705a,YI-705a
YI-705b,YI-705b
YI-705c,YI-705c
YI-705d,YI-705d
YI-705e,YI-705e
YI-705f,YI-705f
YI-705g,YI-705g
YI-715a,YI-715a
YI-715b,Verdant
YI-715c,YI-715c
YI-715d,YI-715d
YI-715e,YI-715e
YK-005a,YK-005a
YK-005b,YK-005b
YK-005c,YK-005c
YK-005d,YK-005d
YK-005e,YK-005e
YK-024a,YK-024a
YK-024b,YK-024b
YK-024c,YK-024c
YK-266a,YK-266a
YK-266b,YK-266b
YK-266c,YK-266c
YK-266d,YK-266d
YK-266e,YK-266e
YK-266f,YK-266f
YK-266g,YK-266g
YK-266h,YK-266h
YK-266i,YK-266i
YK-266j,YK-266j
YK-590a,YK-590a
YK-590b,YK-590b
YK-590c,YK-590c
YK-590d,YK-590d
YK-649a,YK-649a
YK-649b,YK-649b
YK-649c,YK-649c
YK-649d,YK-649d
YK-649e,YK-649e
YK-715a,YK-715a
YK-715b,YK-715b
YK-715c,YK-715c
YK-715d,YK-715d
YK-715e,YK-715e
YP-131a,YP-131a
YP-131b,YP-131b
YP-131c,YP-131c
YP-131d,YP-131d
YP-131e,YP-131e
YP-225a,YP-225a
YP-225b,YP-225b
YP-225c,YP-225c
YP-225d,YP-225d
YP-225e,YP-225e
YP-278a,YP-278a
YP-278b,YP-278b
YP-278c,YP-278c
YP-278d,YP-278d
YP-278e,YP-278e
YP-278f,YP-278f
YP-819a,YP-819a
YP-819b,YP-819b
YP-819c,YP-819c
YP-819d,YP-819d
YP-819e,YP-819e
YP-888a,YP-888a
YP-888b,YP-888b
YP-888c,YP-888c
YP-888d,YP-888d
YP-888e,YP-888e
YP-888f,YP-888f
YP-888g,YP-888g
YP-888h,YP-888h
YP-888i,YP-888i
YP-888j,YP-888j
YP-916a,YP-916a
YP-916b,YP-916b
YP-916c,YP-916c
YP-916d,YP-916d
YP-916e,YP-916e
YP-916f,YP-916f
YP-916g,YP-916g
YP-916h,YP-916h
YP-922a,YP-922a
YP-922b,YP-922b
YP-922c,YP-922c
YP-951a,YP-951a
YP-951b,YP-951b
YP-951c,YP-951c
YP-951d,YP-951d
YP-951e,YP-951e
YP-951f,YP-951f
YP-951g,YP-951g
YP-951h,YP-951h
YV-131a,YV-131a
YV-131b,YV-131b
YV-131c,YV-131c
YV-131d,YV-131d
YV-131e,YV-131e
YV-131f,YV-131f
YV-131g,YV-131g
YV-391a,YV-391a
YV-391b,YV-391b
YV-391c,YV-391c
YV-391d,YV-391d
YV-391e,YV-391e
YV-391f,YV-391f
YV-391g,YV-391g
YV-391h,YV-391h
YV-391i,YV-391i
YV-441a,YV-441a
YV-441b,YV-441b
YV-441c,YV-441c
YV-441d,YV-441d
YV-441e,YV-441e
YV-441f,YV-441f
YV-441g,YV-441g
YV-441h,YV-441h
YV-441i,YV-441i
YV-599a,YV-599a
YV-599b,YV-599b
YV-599c,YV-599c
YV-599d,YV-599d
YV-599e,YV-599e
YV-599f,YV-599f
YV-599g,YV-599g
YV-800a,YV-800a
YV-800b,YV-800b
YV-800c,YV-800c
YV-800d,YV-800d
YV-800e,YV-800e
YV-800f,YV-800f
YV-800g,YV-800g
YW-240a,YW-240a
YW-240b,YW-240b
YW-240c,YW-240c
YW-240d,YW-240d
YW-240e,YW-240e
YW-240f,YW-240f
YW-240g,YW-240g
YW-240h,YW-240h
YW-240i,YW-240i
YW-240j,YW-240j
YW-310a,YW-310a
YW-310b,YW-310b
YW-310c,YW-310c
YW-310d,YW-310d
YW-310e,YW-310e
YW-310f,YW-310f
YW-338a,YW-338a
YW-338b,YW-338b
YW-338c,YW-338c
YW-338d,YW-338d
YW-338e,YW-338e
YW-338f,YW-338f
YW-338g,YW-338g
YW-523a,YW-523a
YW-523b,YW-523b
YW-523c,YW-523c
YW-523d,YW-523d
YW-523e,YW-523e
YW-523f,YW-523f
YW-523g,YW-523g
YW-650a,YW-650a
YW-650b,YW-650b
YW-650c,YW-650c
YW-650d,YW-650d
YW-650e,YW-650e
YW-685a,YW-685a
YW-685b,YW-685b
YW-685c,YW-685c
YW-685d,YW-685d
YW-685e,YW-685e
ZK-357a,ZK-357a
ZK-357b,ZK-357b
ZK-357c,ZK-357c
ZK-357d,ZK-357d
ZK-357e,ZK-357e
ZK-357f,ZK-357f
ZK-357g,ZK-357g
ZK-602a,ZK-602a
ZK-602b,ZK-602b
ZK-602c,ZK-602c
ZK-602d,ZK-602d
ZK-602e,ZK-602e
ZK-768a,ZK-768a
ZK-768b,ZK-768b
ZK-768c,ZK-768c
ZK-768d,ZK-768d
ZK-768e,ZK-768e
ZK-768f,ZK-768f
ZK-768g,ZK-768g
ZK-780a,ZK-780a
ZK-780b,ZK-780b
ZK-780c,ZK-780c
ZK-780d,ZK-780d
ZK-780e,ZK-780e
ZK-780f,ZK-780f
ZK-780g,ZK-780g
ZK-990a,ZK-990a
ZK-990b,ZK-990b
ZK-990c,ZK-990c
ZK-990d,ZK-990d
ZK-990e,ZK-990e
ZK-990f,ZK-990f
ZV-194a,Nike
ZV-194b,ZV-194b
ZV-194c,ZV-194c
ZV-194d,ZV-194d
ZV-194e,ZV-194e
ZV-194f,ZV-194f
ZV-194g,ZV-194g
ZV-194h,ZV-194h
ZV-307a,ZV-307a
ZV-307b,ZV-307b
ZV-307c,Hephaestus
ZV-307d,Phobos
ZV-307e,ZV-307e
ZV-307f,ZV-307f
ZV-307g,ZV-307g
ZV-307h,ZV-307h
ZV-639a,ZV-639a
ZV-639b,ZV-639b
ZV-639c,ZV-639c
ZV-639d,ZV-639d
ZV-639e,ZV-639e
ZV-759a,ZV-759a
ZV-759b,ZV-759b
ZV-759c,Deimos
ZV-759d,ZV-759d
ZV-759e,ZV-759e
ZV-759f,ZV-759f
ZV-759g,ZV-759g
ZV-759h,ZV-759h
ZV-759i,ZV-759i
ZV-759j,ZV-759j
ZV-896a,ZV-896a
ZV-896b,Harmonia
ZV-896c,ZV-896c
ZV-896d,ZV-896d
ZV-896e,ZV-896e
ZV-896f,ZV-896f
ZV-896g,ZV-896g

